{
"type": "FeatureCollection",
"name": "perimetre_papi",
"crs": { "type": "name", "properties": { "name": "urn:ogc:def:crs:OGC:1.3:CRS84" } },
"features": [
{ "type": "Feature", "properties": { "id": 1, "fid": 1, "objectid": 1, "nom": "Périmètre de la SLGRI Vienne-Clain", "comment": "Proposition EPTB 14 mars 2019" }, "geometry": { "type": "MultiPolygon", "coordinates": [ [ [ [ 0.641498144128817, 46.06892161675254 ], [ 0.641191575455756, 46.068374705492054 ], [ 0.641049759988323, 46.06784923816975 ], [ 0.64057691274371, 46.066924995741061 ], [ 0.640153106999254, 46.066546811647584 ], [ 0.639745064575676, 46.066042828905545 ], [ 0.639516091061827, 46.065799326479898 ], [ 0.639221318032618, 46.065671569900942 ], [ 0.638271254356773, 46.065282421754503 ], [ 0.637534119003002, 46.065028331000782 ], [ 0.6364847769198, 46.064691152772625 ], [ 0.635944213665957, 46.064621326991031 ], [ 0.634680510832969, 46.064423805918139 ], [ 0.633269020938719, 46.064142105719519 ], [ 0.632626833802726, 46.06399807130537 ], [ 0.632027190206266, 46.063737805129144 ], [ 0.631612454187696, 46.063391308087965 ], [ 0.631304462769463, 46.062880373421009 ], [ 0.631639352334981, 46.062436920271637 ], [ 0.632429430892733, 46.061971439561368 ], [ 0.633054709079388, 46.061606116771138 ], [ 0.633253489390746, 46.061047206215299 ], [ 0.633037485154711, 46.060353512605005 ], [ 0.632184198815186, 46.059133002083982 ], [ 0.631442390359571, 46.058869762832828 ], [ 0.63080421355623, 46.058694269086352 ], [ 0.630327975989847, 46.058544678487564 ], [ 0.62946032712461, 46.058139156954461 ], [ 0.628872607138366, 46.057604348103219 ], [ 0.628432879026789, 46.056878938544337 ], [ 0.628304404540713, 46.056317695050616 ], [ 0.627784886840282, 46.055252777015504 ], [ 0.627279714673735, 46.054485452564293 ], [ 0.626740733143318, 46.053902101905209 ], [ 0.626432392560252, 46.053341595078436 ], [ 0.626254821750166, 46.052779320743774 ], [ 0.625869432779488, 46.052325306726779 ], [ 0.625351733282742, 46.051909060516451 ], [ 0.624292775869842, 46.051472462283236 ], [ 0.623702413394043, 46.051270901206898 ], [ 0.621770964367589, 46.050455628267073 ], [ 0.620936213288556, 46.050041718515253 ], [ 0.620183797897068, 46.049728629749573 ], [ 0.619577074223701, 46.049427603984121 ], [ 0.61887442394125, 46.048921857451298 ], [ 0.618351176439522, 46.048546001463727 ], [ 0.617682693154876, 46.047968892754284 ], [ 0.617355845293434, 46.047480041679307 ], [ 0.617236702674458, 46.047333393359352 ], [ 0.617068488223331, 46.046528055436333 ], [ 0.617003783805199, 46.045842010258717 ], [ 0.616990467124138, 46.045134522712111 ], [ 0.617093286325391, 46.044433980971071 ], [ 0.617143913759528, 46.043862972792731 ], [ 0.61706728585097, 46.04306406422149 ], [ 0.616919303334175, 46.043015908233421 ], [ 0.61675878769462, 46.042481001693943 ], [ 0.616498655789005, 46.041826883049282 ], [ 0.616185755633545, 46.041315798250906 ], [ 0.615680767490851, 46.040908780365761 ], [ 0.614997574621632, 46.040434947488961 ], [ 0.614342678256265, 46.040024768968223 ], [ 0.613542406279419, 46.039566480678396 ], [ 0.612804406319159, 46.039402291447843 ], [ 0.612464237288601, 46.038656386197573 ], [ 0.612434765796923, 46.037935042854933 ], [ 0.612405717809839, 46.037114609037758 ], [ 0.612411369208933, 46.036299410645924 ], [ 0.612481083338986, 46.035408984953804 ], [ 0.612256264196543, 46.03453938171937 ], [ 0.612061795131456, 46.034102850978151 ], [ 0.611455994064867, 46.033815310042542 ], [ 0.610490226616007, 46.033358014333942 ], [ 0.609852407531403, 46.033033753254806 ], [ 0.6090674340918, 46.032791970066164 ], [ 0.608478695268419, 46.032261528248846 ], [ 0.608268208393178, 46.031748075257973 ], [ 0.608042531485491, 46.031108174504389 ], [ 0.607519371489746, 46.030646679058989 ], [ 0.606671487385557, 46.029890034147449 ], [ 0.606331185209423, 46.029180140703481 ], [ 0.606351615115894, 46.02817606252902 ], [ 0.606208169602456, 46.027371226606469 ], [ 0.606474919666922, 46.026710190856697 ], [ 0.607018920981406, 46.026127082016927 ], [ 0.608319110090656, 46.025433806323051 ], [ 0.608992372528178, 46.025119183641088 ], [ 0.609649334917439, 46.024673582135321 ], [ 0.609211884563097, 46.023907593772321 ], [ 0.608180924151176, 46.023615566149843 ], [ 0.607360853678506, 46.023440595172879 ], [ 0.606362325731235, 46.023324912022353 ], [ 0.605410976940984, 46.023313821178377 ], [ 0.604373211600996, 46.023386481532214 ], [ 0.603206271345523, 46.023514959224222 ], [ 0.602178099442981, 46.023515729967158 ], [ 0.601078407656225, 46.023406868418505 ], [ 0.60022377732037, 46.023046427514444 ], [ 0.599284019929496, 46.022562553828116 ], [ 0.598353268431989, 46.022168953720112 ], [ 0.597582965735586, 46.022040011123174 ], [ 0.597033266369875, 46.021834659852807 ], [ 0.596400886320575, 46.021420342910226 ], [ 0.59550177315452, 46.021013876008311 ], [ 0.594520748348433, 46.020529085461888 ], [ 0.593391604614329, 46.02014924942101 ], [ 0.592718790001171, 46.020157480032971 ], [ 0.591424994750735, 46.019787639419228 ], [ 0.590631667585962, 46.020450960950612 ], [ 0.590293724695731, 46.020903239327595 ], [ 0.589826003713471, 46.021424829371952 ], [ 0.589265553959779, 46.021966967683362 ], [ 0.588800755330951, 46.022362488404895 ], [ 0.588347094105032, 46.022798785432684 ], [ 0.587652599942607, 46.02353626413219 ], [ 0.58745268801827, 46.023730208776897 ], [ 0.587370532876638, 46.023863596468686 ], [ 0.587123382408433, 46.024308790264747 ], [ 0.586692703240112, 46.025281613544102 ], [ 0.586393263986378, 46.025739206099956 ], [ 0.586197098486789, 46.026230529741063 ], [ 0.585890157509433, 46.026917694103695 ], [ 0.585819659718413, 46.027934223633395 ], [ 0.586422947112627, 46.028834472770107 ], [ 0.586661285112439, 46.029474691754203 ], [ 0.587038809393484, 46.030185442107353 ], [ 0.587204941857946, 46.030643939843877 ], [ 0.587438072461336, 46.031432696426073 ], [ 0.587486346859417, 46.031983280394293 ], [ 0.587226633169967, 46.032419198522028 ], [ 0.586581800853362, 46.032788356556757 ], [ 0.585469077847564, 46.033237635267596 ], [ 0.584562312833287, 46.033709311277455 ], [ 0.583985516699748, 46.033971795613986 ], [ 0.583368561163308, 46.034264952812471 ], [ 0.582396551626894, 46.034748734760832 ], [ 0.58150916438759, 46.035455038405949 ], [ 0.580590758053026, 46.036277792303181 ], [ 0.580337762583046, 46.036912040764619 ], [ 0.580185878672133, 46.037629529768829 ], [ 0.579953673187944, 46.038408367738789 ], [ 0.57979900637685, 46.03918886098657 ], [ 0.579520932271822, 46.039804554283251 ], [ 0.579143712675151, 46.040292001524286 ], [ 0.578609607412164, 46.040816637552993 ], [ 0.578062471793557, 46.041372524889887 ], [ 0.577659474550476, 46.041827884868439 ], [ 0.577116580757864, 46.042257730539355 ], [ 0.576495431114651, 46.042672386986482 ], [ 0.575891166399426, 46.042997309733735 ], [ 0.575246826554809, 46.043321372187698 ], [ 0.574433757848635, 46.043686866682798 ], [ 0.573749039059492, 46.044104653192072 ], [ 0.57319366241337, 46.044493672759025 ], [ 0.572621477874515, 46.044999449052916 ], [ 0.572008419048825, 46.045580925176466 ], [ 0.571377947670579, 46.04629265821675 ], [ 0.570846295538631, 46.046758753331225 ], [ 0.570322985047994, 46.047328630445691 ], [ 0.569695954815744, 46.047932318605916 ], [ 0.568770327336974, 46.048178242285346 ], [ 0.567902273002503, 46.048263228424176 ], [ 0.567083530782748, 46.048403321379119 ], [ 0.566310608901367, 46.048706557579308 ], [ 0.565896823238796, 46.049139124307381 ], [ 0.565627084629511, 46.049854067822963 ], [ 0.565326333273071, 46.050392665570918 ], [ 0.565085624935736, 46.05103615793756 ], [ 0.564936596779166, 46.051654591491285 ], [ 0.564696277173416, 46.05228908237531 ], [ 0.564545247003436, 46.052952518524947 ], [ 0.564581786489069, 46.053412772346526 ], [ 0.5647356719099, 46.053853023711653 ], [ 0.564951606078542, 46.054353167208049 ], [ 0.565526388248157, 46.055370035161005 ], [ 0.565801189551307, 46.056060633651853 ], [ 0.566064464683391, 46.056719451729116 ], [ 0.566111254378083, 46.057270016579501 ], [ 0.566024870332289, 46.057934842152086 ], [ 0.565891456542468, 46.05846352028118 ], [ 0.565945787299807, 46.059194430807722 ], [ 0.565994274963974, 46.059677463181359 ], [ 0.566045053023618, 46.060138021703864 ], [ 0.566132594155798, 46.060995773479711 ], [ 0.566024731023014, 46.061561037003472 ], [ 0.565835603310574, 46.06217861116334 ], [ 0.565562900024159, 46.063046648136478 ], [ 0.565209063381642, 46.063584107228273 ], [ 0.564543599913654, 46.06417343274412 ], [ 0.563825754003494, 46.064396757001795 ], [ 0.562978766326423, 46.064175850969946 ], [ 0.561942864314794, 46.064216648383507 ], [ 0.561517100976112, 46.064594889414472 ], [ 0.561111788222823, 46.065153752851259 ], [ 0.560758294052439, 46.065682197405089 ], [ 0.560739109506409, 46.066668292545842 ], [ 0.560892401937127, 46.067122049822842 ], [ 0.561122607566046, 46.068000893411018 ], [ 0.561154049229786, 46.069042132330942 ], [ 0.560944507052624, 46.069884490920089 ], [ 0.560424165093456, 46.070409346639579 ], [ 0.559759073449287, 46.07095811338467 ], [ 0.559029603458971, 46.071528013948722 ], [ 0.558333206970869, 46.072256283339364 ], [ 0.557734025311649, 46.072806458013048 ], [ 0.557138848676022, 46.073208064003708 ], [ 0.556898451108258, 46.073432620876432 ], [ 0.556460450066581, 46.073792563035845 ], [ 0.555539834655422, 46.074263727604183 ], [ 0.554685868769846, 46.074691275888242 ], [ 0.553806334358986, 46.075082229682387 ], [ 0.553096514874256, 46.075440801475473 ], [ 0.552705038457568, 46.075481906056062 ], [ 0.552522649004227, 46.075595090491156 ], [ 0.551982253509328, 46.075898751386902 ], [ 0.55088980504784, 46.076505814118576 ], [ 0.550315275847056, 46.077051979804359 ], [ 0.549478838395162, 46.077723118682847 ], [ 0.548694883564513, 46.077971951673554 ], [ 0.547827444864498, 46.078002752726356 ], [ 0.547168857757141, 46.077965989742097 ], [ 0.546356769041771, 46.07791689323259 ], [ 0.545648375080948, 46.077806969926364 ], [ 0.544670889266708, 46.077664189681073 ], [ 0.543679469381477, 46.077543622302066 ], [ 0.542503569272612, 46.077495628087242 ], [ 0.54089105523374, 46.077397614826189 ], [ 0.539870961063618, 46.077339457123628 ], [ 0.539006669396639, 46.077271156847416 ], [ 0.538364256406407, 46.077162619137226 ], [ 0.537334986568426, 46.076991623311301 ], [ 0.536652488296383, 46.076882205428682 ], [ 0.53562290728912, 46.076747224237018 ], [ 0.53447318028308, 46.076722238167882 ], [ 0.533512880045208, 46.076831994604092 ], [ 0.532237820551177, 46.07706102546161 ], [ 0.531831107149528, 46.077642285219582 ], [ 0.532206602281979, 46.078015332117118 ], [ 0.532656467603724, 46.078462069815693 ], [ 0.53312319407406, 46.078850611835776 ], [ 0.533577033792853, 46.07918031115684 ], [ 0.534376205409813, 46.079661664219657 ], [ 0.534522683233291, 46.079917108268234 ], [ 0.53509383240259, 46.080258360131467 ], [ 0.535869909555607, 46.080649107309 ], [ 0.536697733081637, 46.081040972663878 ], [ 0.537224456278736, 46.081507378423673 ], [ 0.537668184681381, 46.082179193425944 ], [ 0.537817781984227, 46.082741015905462 ], [ 0.537413625500277, 46.08323676250177 ], [ 0.536951983776013, 46.084321367587364 ], [ 0.536825254146914, 46.085386215756557 ], [ 0.536291600027928, 46.085910679565352 ], [ 0.534317648211231, 46.086129062333875 ], [ 0.532505573036056, 46.086202278778565 ], [ 0.531369341520236, 46.086506398536734 ], [ 0.529050025564515, 46.086658614172464 ], [ 0.528165322935433, 46.086436631368016 ], [ 0.527013497058653, 46.086051155698826 ], [ 0.52528919695078, 46.085382901392862 ], [ 0.523687058450826, 46.085365958340091 ], [ 0.522587442819657, 46.085747369464279 ], [ 0.521233370376137, 46.086803415484091 ], [ 0.520582655660413, 46.087307232436814 ], [ 0.519972970251238, 46.087762391474556 ], [ 0.519044452165329, 46.088854743467451 ], [ 0.518667302229081, 46.089292457680358 ], [ 0.517996627448265, 46.090007543994211 ], [ 0.517309478361743, 46.090456490406588 ], [ 0.516295660528455, 46.090970356766242 ], [ 0.515490431328144, 46.091452745090137 ], [ 0.514699725629149, 46.09270124152863 ], [ 0.514480446103245, 46.093426195920358 ], [ 0.514258931046969, 46.094286241386371 ], [ 0.513907375845823, 46.094729006738213 ], [ 0.513492963602394, 46.095129851500836 ], [ 0.512710228041849, 46.095342433924458 ], [ 0.511035844990128, 46.095512931548818 ], [ 0.509802673531119, 46.095634528034751 ], [ 0.509059067317138, 46.095811907014337 ], [ 0.507706594090722, 46.096421873042665 ], [ 0.506965896642784, 46.096905621611647 ], [ 0.506472770566758, 46.09732723613218 ], [ 0.505555885917489, 46.098068376239105 ], [ 0.505084387484906, 46.098612087380197 ], [ 0.504286701252895, 46.099265744960135 ], [ 0.503569218087453, 46.099835572628095 ], [ 0.502832503509376, 46.1005716466886 ], [ 0.501906638316292, 46.101564825029257 ], [ 0.500916865327032, 46.102538570283386 ], [ 0.500193837348635, 46.103256911305145 ], [ 0.499445401938664, 46.104362092765726 ], [ 0.498266238286355, 46.105169474106269 ], [ 0.497144889064933, 46.105446563553741 ], [ 0.495597091074316, 46.105304303231087 ], [ 0.493402131115211, 46.105152233588775 ], [ 0.490969480261458, 46.105553451343852 ], [ 0.490278272913587, 46.106110266459929 ], [ 0.48964784928976, 46.107150427370563 ], [ 0.488675875236016, 46.108322674128566 ], [ 0.487708252658723, 46.10863460750155 ], [ 0.486688252872295, 46.108562471259354 ], [ 0.485824772646926, 46.108466765008885 ], [ 0.484435440911874, 46.108228760203872 ], [ 0.483194742630101, 46.107800330980737 ], [ 0.482401852159837, 46.107521469663084 ], [ 0.481088502638152, 46.106983291284642 ], [ 0.480091025042895, 46.10661878681033 ], [ 0.479117221092396, 46.106331379731735 ], [ 0.477997687085001, 46.106171363036196 ], [ 0.476371454510183, 46.106045115792718 ], [ 0.474935330240404, 46.105643780919259 ], [ 0.473888232436997, 46.104895212627305 ], [ 0.473097405578469, 46.104179369347584 ], [ 0.472484312970231, 46.103935973218377 ], [ 0.471337552351357, 46.10417170129643 ], [ 0.470684536685644, 46.104373376484482 ], [ 0.470015831796204, 46.104606231536373 ], [ 0.468975670931673, 46.104776741448724 ], [ 0.468078151206057, 46.104887357956649 ], [ 0.467509303088396, 46.105257569373748 ], [ 0.467221276295371, 46.106503465074574 ], [ 0.467784711688602, 46.107430505069274 ], [ 0.46837096836116, 46.108087765336514 ], [ 0.468758972948853, 46.108465810342466 ], [ 0.468949819766953, 46.108934056922777 ], [ 0.469443264391615, 46.110003678638172 ], [ 0.469471311230248, 46.110716055563856 ], [ 0.469090572316494, 46.111613021827083 ], [ 0.468800024626133, 46.112183151242483 ], [ 0.468301170564957, 46.112775662211952 ], [ 0.467661358216339, 46.113306464399166 ], [ 0.467034107730206, 46.113873581669573 ], [ 0.46706805008526, 46.114401396101599 ], [ 0.467179018939283, 46.114944443675491 ], [ 0.467240251482666, 46.115414305087448 ], [ 0.467144572200771, 46.115943731640058 ], [ 0.466842189109023, 46.11643250708714 ], [ 0.466460791300814, 46.117005108635553 ], [ 0.465844190740017, 46.117649039099518 ], [ 0.465052100450093, 46.118473742757374 ], [ 0.464735542525466, 46.119016253853296 ], [ 0.464676213350783, 46.119627576515839 ], [ 0.464698383410566, 46.120465957629186 ], [ 0.464741763982119, 46.121097593322254 ], [ 0.464843058620561, 46.12154132235375 ], [ 0.464458533351347, 46.122208448451929 ], [ 0.463998740256607, 46.122765777631706 ], [ 0.463656514955393, 46.123330236784973 ], [ 0.463240064180062, 46.123762398214687 ], [ 0.461934838792128, 46.124444976679797 ], [ 0.460761725705074, 46.125071933982625 ], [ 0.46003645937372, 46.125456633596151 ], [ 0.458792420583821, 46.126271185028273 ], [ 0.458325591267241, 46.126670668596923 ], [ 0.457975878857286, 46.127059258559036 ], [ 0.457460119511383, 46.127759463101796 ], [ 0.45702043199451, 46.129222676526034 ], [ 0.456910434044977, 46.129778804716096 ], [ 0.456663188363598, 46.130584125730053 ], [ 0.456291402571185, 46.131224484199301 ], [ 0.455162256960337, 46.131681191613154 ], [ 0.453900839286874, 46.131860130461099 ], [ 0.452692657200034, 46.132008716418056 ], [ 0.451558129976549, 46.132217505145775 ], [ 0.450760426294462, 46.132456369845187 ], [ 0.449776120435733, 46.132862219793623 ], [ 0.448843124982731, 46.133251195304979 ], [ 0.448045901120584, 46.133841425945114 ], [ 0.447566611250231, 46.134227073873717 ], [ 0.447202820413898, 46.134664869501009 ], [ 0.446946236717861, 46.1356952024598 ], [ 0.446916733162609, 46.136190066147094 ], [ 0.446461329585442, 46.137008707141973 ], [ 0.445925015919221, 46.137532715117075 ], [ 0.445156068812086, 46.13804247716083 ], [ 0.444372767746211, 46.138637502362428 ], [ 0.44369737780115, 46.139419648579654 ], [ 0.443319583191883, 46.14024002560889 ], [ 0.442392724121077, 46.140827301119955 ], [ 0.441652904120585, 46.140905236352332 ], [ 0.439924876313182, 46.141050988091273 ], [ 0.438671737586262, 46.140991195624245 ], [ 0.437036627814357, 46.140729061898099 ], [ 0.436201533580405, 46.140543532351764 ], [ 0.4352568280408, 46.140179833200868 ], [ 0.433842249567388, 46.139886594870703 ], [ 0.43246464949745, 46.140022132363086 ], [ 0.431158685523089, 46.140731386006685 ], [ 0.430218349255318, 46.141354298974491 ], [ 0.429914684294003, 46.141888005124862 ], [ 0.42944561040909, 46.142715284655814 ], [ 0.429064025095505, 46.143639144542497 ], [ 0.428876447836232, 46.144184486116892 ], [ 0.428612834996771, 46.144665038268975 ], [ 0.428093021554923, 46.145108254120892 ], [ 0.427568346911313, 46.145654968628477 ], [ 0.427387423868119, 46.146389661547317 ], [ 0.427518927194519, 46.147068364135997 ], [ 0.428335253560682, 46.147794109613649 ], [ 0.429022568321731, 46.148147532871647 ], [ 0.429951950975257, 46.148619050438505 ], [ 0.430715265793445, 46.148983192423032 ], [ 0.431352468061448, 46.149272399752348 ], [ 0.432510978996103, 46.149834668872131 ], [ 0.433228003511788, 46.150080621571178 ], [ 0.434239718951119, 46.150400799560671 ], [ 0.435060777066701, 46.150640080902448 ], [ 0.435755684637125, 46.151137786910425 ], [ 0.436842869020351, 46.151896610961415 ], [ 0.437321844799086, 46.152632692862987 ], [ 0.437560418160359, 46.153214690500157 ], [ 0.437738237852283, 46.153709725709746 ], [ 0.437758362522104, 46.154611140397968 ], [ 0.437710350054178, 46.155222710559613 ], [ 0.437394571189737, 46.155738143835123 ], [ 0.436990021445361, 46.156211030074715 ], [ 0.436651659082334, 46.156626846244187 ], [ 0.436053888944342, 46.15743322924957 ], [ 0.43552692716644, 46.158083539870461 ], [ 0.434991144831311, 46.158589495290919 ], [ 0.434184840485399, 46.159057804490239 ], [ 0.433459773256418, 46.159784717945328 ], [ 0.432662828065445, 46.16071722399797 ], [ 0.432031724305388, 46.161347146929636 ], [ 0.431273400696983, 46.161924637024704 ], [ 0.430596329363235, 46.162400349482013 ], [ 0.430040428090584, 46.16275266462295 ], [ 0.429458825346262, 46.163099890811004 ], [ 0.428860283953378, 46.163559351237033 ], [ 0.428500059161763, 46.164217910687633 ], [ 0.428155914820785, 46.164782232025068 ], [ 0.428047241231602, 46.165302330648643 ], [ 0.427987875282783, 46.165904632250211 ], [ 0.428030658101148, 46.166540780161014 ], [ 0.428115831779897, 46.167047247957889 ], [ 0.427829542952886, 46.167428180873252 ], [ 0.426523395406065, 46.167407611056902 ], [ 0.425452865169538, 46.167257221229328 ], [ 0.424146130114858, 46.16686271020076 ], [ 0.423344991666613, 46.166443613395373 ], [ 0.422801635569217, 46.166030358853305 ], [ 0.422300557501909, 46.165573012526067 ], [ 0.422031135920123, 46.165125425742019 ], [ 0.421695473166132, 46.164707868643049 ], [ 0.421286753129815, 46.164189545800127 ], [ 0.420775783987493, 46.163970723602006 ], [ 0.419837924780202, 46.163399836690481 ], [ 0.419049374113439, 46.162962974169908 ], [ 0.417855256426747, 46.162327684675553 ], [ 0.417148664956627, 46.161775545361664 ], [ 0.416443995385134, 46.16118290145171 ], [ 0.415481786325218, 46.160552859606028 ], [ 0.413883096767779, 46.160002922170875 ], [ 0.412936151519969, 46.160039922595509 ], [ 0.411455037310212, 46.160186374805683 ], [ 0.409387209161052, 46.16004463268802 ], [ 0.408614566755033, 46.159932407113928 ], [ 0.40758329931056, 46.159778235279084 ], [ 0.405826951478709, 46.159274137389417 ], [ 0.404761533715985, 46.159020052554418 ], [ 0.403194180978298, 46.158632852375213 ], [ 0.401736213397099, 46.158482385428627 ], [ 0.401146413316798, 46.158698641105175 ], [ 0.400470171424642, 46.159124644589319 ], [ 0.399987142126559, 46.159604620504503 ], [ 0.399331906170981, 46.160188769021474 ], [ 0.39847964160997, 46.160498109407762 ], [ 0.397176172350839, 46.160725027858327 ], [ 0.396407539342119, 46.160829044985164 ], [ 0.395510679381335, 46.160930117066073 ], [ 0.394016542721439, 46.161076045007242 ], [ 0.392658464107651, 46.16138725238595 ], [ 0.3920424675309, 46.161580336582695 ], [ 0.391280377081871, 46.161900704354032 ], [ 0.390511147609356, 46.162752480155973 ], [ 0.38999569094124, 46.16342087669846 ], [ 0.389627596084588, 46.163907956896779 ], [ 0.389229335166233, 46.164565528630732 ], [ 0.388831697611049, 46.165182569462132 ], [ 0.388566357250721, 46.165717057341908 ], [ 0.388709435448383, 46.166769985941563 ], [ 0.388973599866863, 46.167731094406157 ], [ 0.389087321337725, 46.168175187226637 ], [ 0.388869937140623, 46.168818895436097 ], [ 0.388524294570457, 46.169432625905557 ], [ 0.388650239372785, 46.170246401093422 ], [ 0.38900817472746, 46.170763680025317 ], [ 0.389305097702977, 46.171500295263286 ], [ 0.38931768112995, 46.17224389103152 ], [ 0.38910413008958, 46.172779570560515 ], [ 0.388567785839683, 46.173312336052234 ], [ 0.387796946941923, 46.173839708323712 ], [ 0.386977703943589, 46.174293884249153 ], [ 0.385944208233343, 46.174589959176359 ], [ 0.384822153511541, 46.174811908354656 ], [ 0.38345267381949, 46.174320880048732 ], [ 0.382435578498651, 46.17378389453188 ], [ 0.380716960316199, 46.174032602281571 ], [ 0.379864370315532, 46.17431477318992 ], [ 0.379092148202772, 46.174896115627611 ], [ 0.378586596946499, 46.175623257971957 ], [ 0.378371641756355, 46.176212946424172 ], [ 0.377976437991245, 46.17712733363939 ], [ 0.377606482840616, 46.178028787700576 ], [ 0.376764245412057, 46.178770676840045 ], [ 0.375820485836537, 46.179438137171729 ], [ 0.375312654092439, 46.17985887996992 ], [ 0.374519561552257, 46.180304564548912 ], [ 0.372785134348089, 46.18025546800429 ], [ 0.371627689559026, 46.18002147566618 ], [ 0.37048818308031, 46.17998159804548 ], [ 0.369514739620818, 46.180400550538003 ], [ 0.368287548071139, 46.181025350160915 ], [ 0.367275837315317, 46.181781267566642 ], [ 0.366672681015199, 46.182321398282077 ], [ 0.366290861667074, 46.182844131350329 ], [ 0.366170320569297, 46.183679254369189 ], [ 0.365938783884353, 46.184340617340531 ], [ 0.365479847730967, 46.184848045839054 ], [ 0.364878991501156, 46.185717081353133 ], [ 0.364642669687393, 46.186504469249634 ], [ 0.364407639095758, 46.187264857125406 ], [ 0.363799195940084, 46.187967029365829 ], [ 0.362979148173587, 46.188078647742302 ], [ 0.362327989655556, 46.188158140635672 ], [ 0.36140725472098, 46.18855572685753 ], [ 0.360789707897991, 46.189122524681387 ], [ 0.36016411348673, 46.189963933720421 ], [ 0.359717168617464, 46.190489639347227 ], [ 0.359399153207955, 46.191031853745052 ], [ 0.358959785145759, 46.191373030226508 ], [ 0.35821917034297, 46.191423392232579 ], [ 0.35754125241053, 46.191168871041668 ], [ 0.356784363747488, 46.190588153131159 ], [ 0.356605032892231, 46.190890318603238 ], [ 0.356452782493235, 46.190819203293344 ], [ 0.355821583103222, 46.190349520698575 ], [ 0.355267494480388, 46.189895143581332 ], [ 0.354275000139268, 46.189385509189925 ], [ 0.352913252363032, 46.188732117309691 ], [ 0.351840986596083, 46.188612533625367 ], [ 0.350142007861533, 46.189032438842162 ], [ 0.348503311516435, 46.189895211780474 ], [ 0.346923813865244, 46.190579145631034 ], [ 0.344876132348652, 46.192008956499592 ], [ 0.343818465068859, 46.192925782040632 ], [ 0.342814075952753, 46.193465426588745 ], [ 0.340978284849021, 46.194053190326947 ], [ 0.338951995830649, 46.194154433030626 ], [ 0.336904369263793, 46.194534448685815 ], [ 0.335536147243222, 46.195777293457631 ], [ 0.335218521347989, 46.196652824211995 ], [ 0.33508736273444, 46.197775995162402 ], [ 0.334253483631485, 46.198941253217058 ], [ 0.332851713145279, 46.199696743920541 ], [ 0.331393681213759, 46.200221142966974 ], [ 0.330091153019402, 46.20074917640553 ], [ 0.328439089115089, 46.201259971421351 ], [ 0.326567364416945, 46.201405177543855 ], [ 0.325428442615469, 46.201743291788652 ], [ 0.323654067763479, 46.202737681627788 ], [ 0.32229025635372, 46.203534486337297 ], [ 0.321507016808518, 46.203682719960824 ], [ 0.320157225301891, 46.203713978957033 ], [ 0.318749127371182, 46.203955582381489 ], [ 0.31739866752532, 46.204689575436149 ], [ 0.316381385785381, 46.20556206419765 ], [ 0.315647036677471, 46.206486275669448 ], [ 0.315058556849669, 46.207346352674236 ], [ 0.314541787997977, 46.207987374959508 ], [ 0.313649060334845, 46.208646542538531 ], [ 0.312611512622955, 46.209347330734694 ], [ 0.31156185836838, 46.210029803680811 ], [ 0.310319467806798, 46.210698698077998 ], [ 0.309167186476672, 46.211329166960418 ], [ 0.308049426910739, 46.211784745927268 ], [ 0.306848987922976, 46.211968053979625 ], [ 0.305466798966289, 46.212178577645069 ], [ 0.303995625502246, 46.212350934500783 ], [ 0.302873372391773, 46.212896458331365 ], [ 0.301695010854676, 46.21389564933213 ], [ 0.300951541976418, 46.214391578250151 ], [ 0.300037120707746, 46.21490596858834 ], [ 0.299140082615871, 46.215330663937465 ], [ 0.297474326586596, 46.215840700524119 ], [ 0.296855331955042, 46.216443178670062 ], [ 0.296972422243118, 46.217121719741947 ], [ 0.29738746982905, 46.21815423150958 ], [ 0.297239442537506, 46.218655278679016 ], [ 0.296195228088371, 46.219193585721115 ], [ 0.295526159641131, 46.219389412378604 ], [ 0.294305174006594, 46.219432447522749 ], [ 0.293074556034459, 46.21940766445659 ], [ 0.29183301379092, 46.219315031989382 ], [ 0.290426044716343, 46.219155373274603 ], [ 0.289434633505768, 46.218992088246139 ], [ 0.288012560429852, 46.218534704842142 ], [ 0.286602220699781, 46.217762228150519 ], [ 0.285223061031211, 46.217540096330332 ], [ 0.284577759886848, 46.218146388259093 ], [ 0.284701827220281, 46.218969274363843 ], [ 0.284979391303507, 46.219890431707952 ], [ 0.285448366533757, 46.220852198073075 ], [ 0.285891649733094, 46.221808843771363 ], [ 0.286170626379144, 46.222675970047888 ], [ 0.286057604492365, 46.223961722595405 ], [ 0.285671118154545, 46.224583208295122 ], [ 0.285012103530339, 46.225202692087279 ], [ 0.284106665996707, 46.225843318242617 ], [ 0.28325713345084, 46.226377151384575 ], [ 0.28231462651375, 46.226926777143014 ], [ 0.281489164223494, 46.22752424410632 ], [ 0.281004640369779, 46.22831456509121 ], [ 0.280532312614424, 46.229172752081077 ], [ 0.280130402773521, 46.230181288989385 ], [ 0.279696769323425, 46.231017873008796 ], [ 0.279097935132211, 46.231755897066549 ], [ 0.277899327876138, 46.232596697787656 ], [ 0.276696611407083, 46.233545510319423 ], [ 0.275395344477275, 46.234334272427212 ], [ 0.27394383635916, 46.234984267202115 ], [ 0.272337739842137, 46.235635042366745 ], [ 0.270455667421299, 46.236351255109426 ], [ 0.269145777692264, 46.236684727582507 ], [ 0.267973321071047, 46.23715213419635 ], [ 0.267024242075944, 46.237566330010715 ], [ 0.265458784787413, 46.237790003239034 ], [ 0.26340267341755, 46.237983831762733 ], [ 0.262221271843727, 46.238342843063748 ], [ 0.260916200499068, 46.239252993465684 ], [ 0.260287224678126, 46.23975593453914 ], [ 0.259363135624601, 46.240161660477625 ], [ 0.257574457675114, 46.240821351200388 ], [ 0.257044898529631, 46.241101416155843 ], [ 0.256514151481367, 46.241431006444259 ], [ 0.256020335430054, 46.241775000589755 ], [ 0.255266998227807, 46.242477646302568 ], [ 0.25453659391556, 46.243266438249663 ], [ 0.253823544415459, 46.243605132440386 ], [ 0.253206039186459, 46.243126196402919 ], [ 0.252341203301148, 46.242659303699526 ], [ 0.251719541556762, 46.242315412472443 ], [ 0.251225841665436, 46.241983619958823 ], [ 0.250488876687983, 46.241582873869731 ], [ 0.249864527322572, 46.241292968541359 ], [ 0.249519816945537, 46.241149480432988 ], [ 0.248003939569493, 46.240770428029535 ], [ 0.246603002300389, 46.240430178177419 ], [ 0.245448508601679, 46.24009587852678 ], [ 0.244663524566435, 46.239928197721774 ], [ 0.243347631294156, 46.239756657097672 ], [ 0.242378075543993, 46.239670085086978 ], [ 0.241236454521643, 46.239673940086419 ], [ 0.240263502519342, 46.239654844875396 ], [ 0.239357603686386, 46.239619348023119 ], [ 0.238510201559278, 46.239711408412852 ], [ 0.238544062188714, 46.240198787323742 ], [ 0.238589150123694, 46.241055861533169 ], [ 0.23815200413571, 46.241612898797705 ], [ 0.237697824861124, 46.241966788883275 ], [ 0.237250870164468, 46.242460512646872 ], [ 0.237087894769733, 46.242988163195811 ], [ 0.237596272749639, 46.243568158924901 ], [ 0.238255281612135, 46.243994128525507 ], [ 0.2389292244679, 46.244690765733466 ], [ 0.238915040050199, 46.245384215149052 ], [ 0.238749803113141, 46.245956864407098 ], [ 0.238327341906001, 46.246505249107813 ], [ 0.237716623740578, 46.246846329733245 ], [ 0.23690289598129, 46.247092373815697 ], [ 0.235806514431297, 46.247277483190565 ], [ 0.234716165727587, 46.247291532692252 ], [ 0.233474090573364, 46.247198263557685 ], [ 0.232810398487383, 46.246916317807184 ], [ 0.232239820606636, 46.246231168369 ], [ 0.231805403523498, 46.245396153192587 ], [ 0.231304485470258, 46.244618084730753 ], [ 0.230793250163841, 46.243736143596557 ], [ 0.230227826656263, 46.243258345827037 ], [ 0.228711557325871, 46.242554652546957 ], [ 0.227509417327044, 46.242110884411666 ], [ 0.226196562069923, 46.24152023772308 ], [ 0.225202738614099, 46.241040976858166 ], [ 0.223972439869758, 46.240641534776039 ], [ 0.222391859295836, 46.2399542046901 ], [ 0.220903163929006, 46.239197013471966 ], [ 0.219667425423501, 46.238599161527262 ], [ 0.218620390175174, 46.2381726020798 ], [ 0.217285461872674, 46.237815578402781 ], [ 0.216332444783212, 46.237328224238524 ], [ 0.215405229308046, 46.236818967280016 ], [ 0.214031603838746, 46.235794186042035 ], [ 0.212718978862058, 46.234847470297723 ], [ 0.211895049364481, 46.234376755496555 ], [ 0.210138524915877, 46.233504724997552 ], [ 0.209081064800886, 46.233005734173666 ], [ 0.208137731944795, 46.232586123271936 ], [ 0.206615915402993, 46.232053183079309 ], [ 0.205341510651539, 46.231481249099971 ], [ 0.204340217771119, 46.23087546672361 ], [ 0.203489877872287, 46.230390522771479 ], [ 0.202427548311087, 46.230040019972392 ], [ 0.201094459508971, 46.229957663278228 ], [ 0.199974435623492, 46.230101293312082 ], [ 0.198892701030302, 46.230232339775334 ], [ 0.197346673854186, 46.230302378007188 ], [ 0.196107811404502, 46.230154706114206 ], [ 0.194627822071915, 46.229847894571186 ], [ 0.192479539720717, 46.229078547914227 ], [ 0.191263839267666, 46.227998805958578 ], [ 0.190723141318044, 46.227251093958316 ], [ 0.190120246012787, 46.226096368867161 ], [ 0.189931225511621, 46.225276246286469 ], [ 0.1898402146473, 46.224291850525063 ], [ 0.189835172779975, 46.223453747370861 ], [ 0.190000241725173, 46.222538753131964 ], [ 0.19053349261524, 46.221506708484462 ], [ 0.191141670427192, 46.220886491212852 ], [ 0.192135760684333, 46.220005485499151 ], [ 0.193141861436573, 46.219142789321509 ], [ 0.193727050821472, 46.218463423692413 ], [ 0.193790977645838, 46.217798223593832 ], [ 0.193528439302294, 46.21691772429147 ], [ 0.193278151119287, 46.216330368211423 ], [ 0.192637814583712, 46.215147697944921 ], [ 0.192222708405497, 46.214484185202302 ], [ 0.191795714722455, 46.213824882313581 ], [ 0.19203803912864, 46.212920804547458 ], [ 0.192696002011042, 46.212036000518424 ], [ 0.193275562917243, 46.211135741879836 ], [ 0.193640850175495, 46.21041490730827 ], [ 0.19406897848915, 46.209429812520987 ], [ 0.194251853311094, 46.208722495157936 ], [ 0.194209644733658, 46.207797875548877 ], [ 0.193529379058948, 46.206965632293837 ], [ 0.192534997611804, 46.20654011160908 ], [ 0.191201225876719, 46.205849396717333 ], [ 0.190597325228526, 46.205073084076069 ], [ 0.190305604822788, 46.204232399844933 ], [ 0.190191707879068, 46.20351775235163 ], [ 0.189957015153555, 46.202881213454084 ], [ 0.189081546335364, 46.202391020341778 ], [ 0.187678551437793, 46.201838212031404 ], [ 0.186502171110168, 46.201421647895998 ], [ 0.185618488634259, 46.201142971501213 ], [ 0.184685772960813, 46.20048012478248 ], [ 0.184209170758359, 46.199729453386688 ], [ 0.183744202745682, 46.199055657686586 ], [ 0.183337569364082, 46.198509453277509 ], [ 0.182869476271158, 46.197871618252236 ], [ 0.182390424634218, 46.197219993487039 ], [ 0.181867185904486, 46.196670892427335 ], [ 0.181053119928143, 46.196276766515631 ], [ 0.17997011537229, 46.196141774321298 ], [ 0.178202774547177, 46.196269112270535 ], [ 0.176826306058212, 46.196667439599153 ], [ 0.175752011519924, 46.196942605793787 ], [ 0.174649276743896, 46.197316171796388 ], [ 0.173293334253586, 46.197516734437293 ], [ 0.171927769988441, 46.197626935607126 ], [ 0.170837928072052, 46.197649372266575 ], [ 0.169711164299325, 46.19760780476534 ], [ 0.168372230453481, 46.197403254560328 ], [ 0.166693376636519, 46.196595513502444 ], [ 0.164921110297404, 46.195537623631211 ], [ 0.163131142106371, 46.194898257857659 ], [ 0.161827912873498, 46.194757594073494 ], [ 0.159299048423536, 46.194807049982415 ], [ 0.157532273546319, 46.194898038231585 ], [ 0.155671467647695, 46.194450510383156 ], [ 0.154074977246465, 46.193860893683151 ], [ 0.151828389080834, 46.192998159051285 ], [ 0.149773324501917, 46.19222127791793 ], [ 0.148227866538994, 46.191326491281522 ], [ 0.147486620740043, 46.190735708287811 ], [ 0.146725206564687, 46.190009252827906 ], [ 0.14612652434863, 46.189422039286676 ], [ 0.145334228016899, 46.188492056569949 ], [ 0.144756612804813, 46.187725149493552 ], [ 0.144387634732425, 46.186589536460076 ], [ 0.144211811139018, 46.185805689403693 ], [ 0.144152799137646, 46.185344658789909 ], [ 0.144904225762392, 46.184367854523877 ], [ 0.14591284478234, 46.183757935268702 ], [ 0.146592066645235, 46.183319951192715 ], [ 0.147262988915818, 46.182742088700991 ], [ 0.147816497889794, 46.181877437685586 ], [ 0.147843009251061, 46.181193288072777 ], [ 0.147429543407511, 46.180214255879129 ], [ 0.146802149218625, 46.179383032436732 ], [ 0.145873896074809, 46.178625344637645 ], [ 0.144647480792414, 46.177864661385513 ], [ 0.143520008493167, 46.177520945822423 ], [ 0.142161728895484, 46.177175918903991 ], [ 0.140044199322337, 46.176640561972512 ], [ 0.138640178131535, 46.176452028851585 ], [ 0.137068817619219, 46.176214207795901 ], [ 0.135857329972673, 46.175742146186195 ], [ 0.134668098284234, 46.175018330482018 ], [ 0.133775068279525, 46.174360544548371 ], [ 0.132479428972705, 46.173390728485309 ], [ 0.131478109839304, 46.172522941472963 ], [ 0.130908736434372, 46.171233535659916 ], [ 0.130878340881699, 46.170376741875856 ], [ 0.131273847651844, 46.169584768544325 ], [ 0.131303854706925, 46.168837629809254 ], [ 0.130656458291346, 46.167528229397654 ], [ 0.130320286040176, 46.166244708595904 ], [ 0.130755684497352, 46.165408691114408 ], [ 0.131876898508389, 46.164576474334552 ], [ 0.132657251930536, 46.164186183536408 ], [ 0.133787039094781, 46.163809210710234 ], [ 0.134924913528252, 46.163202655885101 ], [ 0.134896340177681, 46.162309866972571 ], [ 0.134687545905142, 46.161714393423082 ], [ 0.134201245716567, 46.160895659107062 ], [ 0.133805615200185, 46.160128769686985 ], [ 0.133453546004397, 46.159223310592736 ], [ 0.133390968512227, 46.158212521816473 ], [ 0.133506394961796, 46.157269301099234 ], [ 0.13357544820588, 46.156518642136071 ], [ 0.133556931682848, 46.156004559249958 ], [ 0.132436902463111, 46.155205862369662 ], [ 0.131407320860206, 46.154711300251584 ], [ 0.130638264703345, 46.154218805330757 ], [ 0.130266628348774, 46.153466023212779 ], [ 0.129884290390908, 46.152348031050373 ], [ 0.129003109419022, 46.15139764360822 ], [ 0.127747516668152, 46.150739642194765 ], [ 0.12690463507442, 46.150123606200353 ], [ 0.125913356228465, 46.14934611820442 ], [ 0.125129264926475, 46.148573866148126 ], [ 0.124641688453763, 46.147809116404432 ], [ 0.124548555031984, 46.146914684814675 ], [ 0.124977637081976, 46.14622270357453 ], [ 0.125731555827583, 46.145516416608096 ], [ 0.126771830228033, 46.144465948638974 ], [ 0.127248895174773, 46.143549903220737 ], [ 0.12731542517915, 46.142848741421219 ], [ 0.127211533105861, 46.14223337628659 ], [ 0.126842852451329, 46.141426588924375 ], [ 0.125212797791966, 46.140745560215692 ], [ 0.12406503566445, 46.14031100625138 ], [ 0.12340819366295, 46.139587015302141 ], [ 0.123107658287661, 46.138371946499717 ], [ 0.122134667777715, 46.137473235054649 ], [ 0.121125727204022, 46.137136781724926 ], [ 0.120142574646049, 46.136778446072427 ], [ 0.119175159154958, 46.136046549764721 ], [ 0.117840591455425, 46.135444993060112 ], [ 0.116350649482535, 46.135136832695636 ], [ 0.114966991416909, 46.134804320614975 ], [ 0.113488695787257, 46.134226090944694 ], [ 0.112164810537843, 46.13366979088957 ], [ 0.110724464429078, 46.13343039803275 ], [ 0.109082735329261, 46.133348055097038 ], [ 0.107979174813962, 46.13343258463 ], [ 0.106212262899521, 46.133585800638926 ], [ 0.105068200025827, 46.133700807981512 ], [ 0.103494111117042, 46.133908459038189 ], [ 0.102226280990474, 46.134182477238426 ], [ 0.101202578386048, 46.134521286430648 ], [ 0.09979460058564, 46.135386422455319 ], [ 0.099136939744688, 46.135959837862551 ], [ 0.098721508344982, 46.136634055097304 ], [ 0.097817531017757, 46.137183146928699 ], [ 0.096679299566103, 46.136843167485893 ], [ 0.095247563364303, 46.136734458055663 ], [ 0.093386656201876, 46.136628260371083 ], [ 0.092108460157489, 46.13623959580967 ], [ 0.090414634413101, 46.135867298419107 ], [ 0.088809037459084, 46.135249435137879 ], [ 0.087281032202655, 46.134318153758727 ], [ 0.085296944183355, 46.133433713410874 ], [ 0.083815510057921, 46.132945118176281 ], [ 0.081035409897341, 46.132553778814355 ], [ 0.079778319494316, 46.13257551561346 ], [ 0.078263118606331, 46.132284220446458 ], [ 0.077155214248356, 46.131841192988695 ], [ 0.075691443399315, 46.131217777711946 ], [ 0.074501076051794, 46.13091227040784 ], [ 0.073620712669225, 46.130894085116033 ], [ 0.072603305417702, 46.131404012141608 ], [ 0.070884303938389, 46.131945391134003 ], [ 0.069250137905662, 46.132353768879831 ], [ 0.067749673262864, 46.132612388697972 ], [ 0.066575655330323, 46.133140746434393 ], [ 0.066028003284899, 46.133856492879111 ], [ 0.065327159108364, 46.134843115642141 ], [ 0.064505023984871, 46.13528593255694 ], [ 0.063027666515645, 46.135328823495165 ], [ 0.06246999601021, 46.135044062137389 ], [ 0.061462822228984, 46.134657552855472 ], [ 0.059675741156177, 46.134070615198318 ], [ 0.057926656449644, 46.133791011521929 ], [ 0.056661565756537, 46.133695141341718 ], [ 0.05509814124414, 46.133627563045167 ], [ 0.053829038857179, 46.133630679642806 ], [ 0.052638322391546, 46.133622300415318 ], [ 0.051372277701796, 46.13354436852692 ], [ 0.049936363330252, 46.13351607533037 ], [ 0.048364039020454, 46.133349049843524 ], [ 0.047209738497761, 46.133386616203694 ], [ 0.046164184217093, 46.133643268729116 ], [ 0.044670383915132, 46.134063962109238 ], [ 0.043327989458929, 46.134272311092445 ], [ 0.042047383212881, 46.134247963254033 ], [ 0.040429435589413, 46.133917437445618 ], [ 0.039440312336815, 46.13375197346523 ], [ 0.038137396064531, 46.133636887227986 ], [ 0.036832298502529, 46.133562279455681 ], [ 0.035360748309357, 46.1340735452142 ], [ 0.033676104943172, 46.134426034000221 ], [ 0.03233057404578, 46.134715273516477 ], [ 0.030790386605893, 46.135008417833639 ], [ 0.029700535020615, 46.135362886778744 ], [ 0.028405029835094, 46.135684929140595 ], [ 0.027245461763777, 46.136177224977658 ], [ 0.026002599444841, 46.136770957157729 ], [ 0.024732920402842, 46.137404524373345 ], [ 0.023895096904667, 46.138225119136663 ], [ 0.023479470972466, 46.138574674472466 ], [ 0.023199224619753, 46.139080969699023 ], [ 0.022078913516458, 46.140137450042729 ], [ 0.021259987619574, 46.140823353769477 ], [ 0.020876392630896, 46.141322426999089 ], [ 0.020013049829971, 46.142133315149721 ], [ 0.019480372219769, 46.142488796357327 ], [ 0.018758037946652, 46.143042049801387 ], [ 0.017961122854972, 46.143512238669558 ], [ 0.016598007745986, 46.143904467822594 ], [ 0.015583489539059, 46.144012976597025 ], [ 0.014426629755533, 46.14380684358553 ], [ 0.013192177586801, 46.143287767115915 ], [ 0.011805034066433, 46.143620733849495 ], [ 0.010312571634911, 46.14431586985517 ], [ 0.009331693704369, 46.144853247341636 ], [ 0.008337292044172, 46.145376743535081 ], [ 0.006834109791584, 46.145720111401054 ], [ 0.005320714944912, 46.145680208202798 ], [ 0.003230583904211, 46.145494400448754 ], [ 0.001862062599135, 46.145413217518509 ], [ 0.000311007575343, 46.145327196022457 ], [ -0.001470114965965, 46.145181003706881 ], [ -0.00248157610723, 46.144924472499561 ], [ -0.003236083001066, 46.144710774124327 ], [ -0.003950501135414, 46.14475946146343 ], [ -0.004329808417977, 46.144844045660186 ], [ -0.00503590379395, 46.145001083185853 ], [ -0.005859502058598, 46.145173028728017 ], [ -0.006593408849651, 46.145387894673014 ], [ -0.007352288063573, 46.145561543313455 ], [ -0.00816979512146, 46.145598462728863 ], [ -0.009223278693079, 46.145399331772552 ], [ -0.009755525300121, 46.145128399762804 ], [ -0.010669532708536, 46.144703160775386 ], [ -0.011640623099587, 46.144420582791113 ], [ -0.012535602131313, 46.144428381283291 ], [ -0.013432935115158, 46.144526224569752 ], [ -0.014693492081743, 46.144627934880845 ], [ -0.016165332351371, 46.144823145028745 ], [ -0.017514788047399, 46.145197312062905 ], [ -0.018938845850659, 46.146078627274761 ], [ -0.019286424575323, 46.146646118812619 ], [ -0.019329243492512, 46.147329850865439 ], [ -0.019256727119578, 46.148061706868354 ], [ -0.019127582761795, 46.148659896540281 ], [ -0.018916545693217, 46.149183665793537 ], [ -0.018635689672192, 46.149876002358553 ], [ -0.018520719240045, 46.150496342827459 ], [ -0.018433746813625, 46.150588769118713 ], [ -0.017985495018602, 46.151019715233573 ], [ -0.017553401095841, 46.151508804424573 ], [ -0.017163853902932, 46.152064347180016 ], [ -0.017443856106037, 46.153147292317271 ], [ -0.018051846559033, 46.153451042469555 ], [ -0.018809883033234, 46.153606617906206 ], [ -0.019890628039773, 46.153735584587935 ], [ -0.019806569010081, 46.15390453171814 ], [ -0.020349882541014, 46.153881071782322 ], [ -0.021091322146243, 46.153946959137116 ], [ -0.022273678839852, 46.154037154481152 ], [ -0.02315854128902, 46.154117234464429 ], [ -0.02403183773293, 46.154269707378482 ], [ -0.025046971123191, 46.154666211303343 ], [ -0.026288335272521, 46.155214379214243 ], [ -0.026933557341424, 46.155463022684543 ], [ -0.027760556986597, 46.155715828068352 ], [ -0.028875603581259, 46.156042049271001 ], [ -0.029844555541973, 46.156282042545534 ], [ -0.030774319774514, 46.157126844040803 ], [ -0.030905247562313, 46.157736132025676 ], [ -0.030722423194865, 46.158299723803026 ], [ -0.030570485305326, 46.159281525647799 ], [ -0.030335926309195, 46.160152887791234 ], [ -0.030124894417307, 46.161262426137462 ], [ -0.029842995210747, 46.162216153086909 ], [ -0.029658041753984, 46.163352028768543 ], [ -0.029636749241891, 46.164046481477754 ], [ -0.029881318856536, 46.164905061067941 ], [ -0.030239965105185, 46.16571553965619 ], [ -0.030522906595641, 46.166564083085504 ], [ -0.030645720632068, 46.167894507382158 ], [ -0.03041354134458, 46.168504471498544 ], [ -0.029868783955235, 46.169091232322771 ], [ -0.02970764026091, 46.16955511611301 ], [ -0.029685796577411, 46.170263100416584 ], [ -0.029696764382186, 46.171118899120884 ], [ -0.029690606520123, 46.171876028167937 ], [ -0.029442334038981, 46.172711705688258 ], [ -0.029131725076484, 46.173616630655729 ], [ -0.028872356871351, 46.17420478652069 ], [ -0.028223270882844, 46.175064663005621 ], [ -0.027426713064974, 46.175838350277232 ], [ -0.026891628303982, 46.176343732752429 ], [ -0.026497631615991, 46.17710218096925 ], [ -0.026351819174961, 46.177633235956826 ], [ -0.026174587261398, 46.178629218033564 ], [ -0.026054721915639, 46.179465971103696 ], [ -0.025975755402111, 46.18031515186928 ], [ -0.025820745486779, 46.181220426344673 ], [ -0.025844903547484, 46.1823867673831 ], [ -0.026269766644642, 46.182938668876972 ], [ -0.02689288324992, 46.183250989790459 ], [ -0.027734250444955, 46.183521446236064 ], [ -0.028572146089768, 46.183728908888106 ], [ -0.029673123804032, 46.184001443053326 ], [ -0.030522496705262, 46.184181551250823 ], [ -0.031524451907368, 46.184258456223816 ], [ -0.032404837889461, 46.184248481933857 ], [ -0.033287713045477, 46.184283491836325 ], [ -0.034205612376106, 46.184529329856886 ], [ -0.035115995153058, 46.184897016718153 ], [ -0.035784179288767, 46.185365788317291 ], [ -0.036132928867636, 46.18594672405262 ], [ -0.036589766067924, 46.186628402856378 ], [ -0.037043223233118, 46.187202032335158 ], [ -0.037693171775559, 46.187856017154907 ], [ -0.038580215530792, 46.188269359744396 ], [ -0.039879195015465, 46.188342756449792 ], [ -0.040938530740574, 46.188282872953529 ], [ -0.041774146945986, 46.188400187227181 ], [ -0.042799812118633, 46.188458337559915 ], [ -0.043968596576493, 46.188219770100659 ], [ -0.045331657004668, 46.188255341943197 ], [ -0.046306455482165, 46.188612204911237 ], [ -0.046873838534834, 46.18915570952128 ], [ -0.047698398666625, 46.189633739507386 ], [ -0.048485433803697, 46.18983341228148 ], [ -0.049233812211666, 46.190061151700199 ], [ -0.050141063865025, 46.190672119473149 ], [ -0.050936529193532, 46.191349162653694 ], [ -0.051798214074639, 46.192096515069828 ], [ -0.052064467841665, 46.19256697799684 ], [ -0.051864555895238, 46.193311295368161 ], [ -0.051614080229933, 46.19380014025036 ], [ -0.051443303722846, 46.19434541974011 ], [ -0.05150625647906, 46.194893435005532 ], [ -0.051958332731344, 46.195764429461136 ], [ -0.052286680580849, 46.196161132241905 ], [ -0.052728174842089, 46.196748543890116 ], [ -0.053103843994438, 46.19734222811568 ], [ -0.053399657084361, 46.198785144462612 ], [ -0.053196524687328, 46.199448446074733 ], [ -0.05268474790665, 46.200512040320369 ], [ -0.052173938743077, 46.201872987281547 ], [ -0.052042814698263, 46.202408190470628 ], [ -0.051541546488533, 46.203102021836898 ], [ -0.051562313934159, 46.203894481620111 ], [ -0.052311814105205, 46.205000803297516 ], [ -0.05309226577386, 46.205380858414451 ], [ -0.054072439482339, 46.205548276513923 ], [ -0.056141455642683, 46.205713452069077 ], [ -0.05732720459121, 46.205866303748522 ], [ -0.05836472341069, 46.206153799511114 ], [ -0.05899046669727, 46.206551495365964 ], [ -0.059480942663206, 46.207083496827536 ], [ -0.060084327211137, 46.207824229513946 ], [ -0.060718635770503, 46.208676771747776 ], [ -0.06153810016673, 46.209938858184209 ], [ -0.061746502361374, 46.210834405540155 ], [ -0.061252239688122, 46.211699312137 ], [ -0.060784436854907, 46.212248097913637 ], [ -0.06066554005134, 46.21279199458489 ], [ -0.060846980701209, 46.213390886524998 ], [ -0.061309137791619, 46.21385605739345 ], [ -0.062127445032165, 46.214189977967038 ], [ -0.063175850063754, 46.215040366570697 ], [ -0.063209284877166, 46.215499057497176 ], [ -0.062954573114877, 46.216190801643656 ], [ -0.062629045276828, 46.216753784425407 ], [ -0.062326456887949, 46.217239549630541 ], [ -0.062116319909716, 46.218078782031569 ], [ -0.062118828442149, 46.218727549384752 ], [ -0.062239762335846, 46.219706556305425 ], [ -0.062554899859378, 46.22037393820527 ], [ -0.062789246043695, 46.220989426091208 ], [ -0.063038575523273, 46.221942444883716 ], [ -0.063380174135015, 46.223221900839299 ], [ -0.063898086581526, 46.224658814265148 ], [ -0.064584983197574, 46.225843352874158 ], [ -0.065302304525728, 46.226526923894916 ], [ -0.065881545352758, 46.22699342932912 ], [ -0.066836475693141, 46.227792241863455 ], [ -0.069038142089868, 46.228895342855665 ], [ -0.069886978037232, 46.22960687872785 ], [ -0.070707165750437, 46.230247089373883 ], [ -0.07148443877201, 46.230816360625688 ], [ -0.072653354433422, 46.231167778574395 ], [ -0.073764969462599, 46.231354018352008 ], [ -0.075264592307949, 46.231836151824041 ], [ -0.076054648563667, 46.232400542171135 ], [ -0.076329435058248, 46.233339332500336 ], [ -0.076314486035401, 46.234159796743484 ], [ -0.076220220508604, 46.234955371350047 ], [ -0.076212498516503, 46.235973896118026 ], [ -0.076245227006152, 46.236995832543656 ], [ -0.076390871919781, 46.237947127471152 ], [ -0.076550171273087, 46.238609680322625 ], [ -0.077043790927052, 46.239790370390878 ], [ -0.077729846756358, 46.240627915161738 ], [ -0.078388098040037, 46.241155306872145 ], [ -0.079491489333764, 46.241445353145807 ], [ -0.080572337898947, 46.241542248874126 ], [ -0.08193055530363, 46.241744265323547 ], [ -0.082554880583119, 46.242083308515973 ], [ -0.083099634449568, 46.243546458150846 ], [ -0.083299204190903, 46.244230441536224 ], [ -0.083577575867387, 46.244952841064389 ], [ -0.083961734961555, 46.245708418821366 ], [ -0.084313153451262, 46.246320696475031 ], [ -0.084648822407534, 46.246883836086475 ], [ -0.085180815719435, 46.24747319146632 ], [ -0.085717130748376, 46.248139026666287 ], [ -0.086617853669742, 46.248840031319325 ], [ -0.087175319795164, 46.249419675538618 ], [ -0.087146887805062, 46.249952136343786 ], [ -0.086678003199176, 46.250483030903695 ], [ -0.086366978481122, 46.251095251684177 ], [ -0.086442077189427, 46.251597868234683 ], [ -0.086747201233295, 46.252355582589004 ], [ -0.087366289009679, 46.252852449651748 ], [ -0.088156293771145, 46.253385226991107 ], [ -0.088675052555306, 46.254267807413989 ], [ -0.088367609945784, 46.254920488791903 ], [ -0.087797519396992, 46.255246865389061 ], [ -0.086874086173868, 46.255781083048049 ], [ -0.086322753889972, 46.256233106233246 ], [ -0.086135156765545, 46.256661743462381 ], [ -0.086229993698688, 46.257353069753471 ], [ -0.086892586826971, 46.257952394734737 ], [ -0.087564476995093, 46.258186491034238 ], [ -0.08920313551655, 46.258538526306282 ], [ -0.090352653516805, 46.258993941734957 ], [ -0.090797393326844, 46.259369364260074 ], [ -0.090716593584129, 46.25989423707253 ], [ -0.090832738688676, 46.260179456222296 ], [ -0.090973997068032, 46.260725332082082 ], [ -0.091085431592115, 46.261479286863953 ], [ -0.091307074197721, 46.262068037162571 ], [ -0.091835247538194, 46.262562847547287 ], [ -0.092637111715349, 46.263095276038932 ], [ -0.093739920329147, 46.263664576148173 ], [ -0.095458813597186, 46.264374813565496 ], [ -0.096428887243874, 46.264893629412285 ], [ -0.097405319475302, 46.265547440106062 ], [ -0.098959170040216, 46.266622588402946 ], [ -0.099667537759587, 46.267360280487061 ], [ -0.099944893567084, 46.268632390225427 ], [ -0.100519453472516, 46.269576486522453 ], [ -0.101177530339357, 46.270067718236717 ], [ -0.102384367458699, 46.270634105660697 ], [ -0.102655993802561, 46.271482815318848 ], [ -0.102463300277529, 46.272416276736976 ], [ -0.10220574486893, 46.273328976227482 ], [ -0.10228529580248, 46.274227980711615 ], [ -0.102428467515167, 46.274827863908492 ], [ -0.103072118020794, 46.275292444646446 ], [ -0.104539657920223, 46.275572340702432 ], [ -0.105826799149558, 46.275627341673896 ], [ -0.107622564599219, 46.275713500626452 ], [ -0.108895477225401, 46.276021184761632 ], [ -0.109703053603781, 46.276670499084979 ], [ -0.109920355847021, 46.277178232132158 ], [ -0.110041751254497, 46.277553409064922 ], [ -0.109919386176559, 46.278007340497311 ], [ -0.109762160139629, 46.27855684763292 ], [ -0.10956369948916, 46.279066928036947 ], [ -0.109036504435616, 46.279761716817134 ], [ -0.108026107808986, 46.280667956077863 ], [ -0.107617969254916, 46.280827793363329 ], [ -0.106796168442062, 46.280935838164446 ], [ -0.105700905577068, 46.28121805563967 ], [ -0.104903985076045, 46.281627300744212 ], [ -0.104188301116959, 46.282025312866359 ], [ -0.103456479270734, 46.282459807077295 ], [ -0.103306382087297, 46.282540498873175 ], [ -0.102855743942807, 46.28286819381232 ], [ -0.101890581773697, 46.283543342183314 ], [ -0.101242013240243, 46.284002587561666 ], [ -0.100409027286801, 46.284579498262893 ], [ -0.099282534348886, 46.284839972333209 ], [ -0.097182134063866, 46.284888126665756 ], [ -0.095231336964135, 46.284846563480116 ], [ -0.092801949346465, 46.28477741825526 ], [ -0.091250653454905, 46.284490628927195 ], [ -0.089799107140958, 46.284151547305633 ], [ -0.08851400896416, 46.283767379284846 ], [ -0.087243880266989, 46.283463896125582 ], [ -0.086119755835068, 46.283467342775353 ], [ -0.084045975845172, 46.28421744201713 ], [ -0.08341206310541, 46.284662667037964 ], [ -0.083305270254484, 46.285327914686569 ], [ -0.083114752604266, 46.286099063450152 ], [ -0.082465773440603, 46.286531172921009 ], [ -0.081253943493019, 46.287032583859649 ], [ -0.080192710529092, 46.287300110469687 ], [ -0.079031749473403, 46.287597359083676 ], [ -0.077958398094845, 46.287973331310319 ], [ -0.0769265299887, 46.287839016305952 ], [ -0.075941671445541, 46.28733845220534 ], [ -0.074894633261733, 46.286425026229693 ], [ -0.073927640043884, 46.285640098154545 ], [ -0.07206936704764, 46.284676458086089 ], [ -0.071164470402838, 46.28439448099769 ], [ -0.070320011604335, 46.284471329920834 ], [ -0.069075489583686, 46.28492392772263 ], [ -0.067862059083264, 46.285398202366011 ], [ -0.066851231197148, 46.285614681833373 ], [ -0.06532584581785, 46.286043262861618 ], [ -0.063302976703964, 46.286548291370252 ], [ -0.061991439996882, 46.286966565931387 ], [ -0.060679778821103, 46.287592093380852 ], [ -0.059714001519293, 46.288127205570966 ], [ -0.058464556194658, 46.288913241200724 ], [ -0.05733777464897, 46.289173300252457 ], [ -0.05632808887938, 46.289272502954226 ], [ -0.055352145874926, 46.289231112710787 ], [ -0.05428551581342, 46.289102032140796 ], [ -0.053136607398929, 46.289245493168345 ], [ -0.051804204023728, 46.289641677358802 ], [ -0.050428326720381, 46.28995790692538 ], [ -0.049140652580196, 46.290294285871035 ], [ -0.047580909578052, 46.290764093598014 ], [ -0.046515525552802, 46.291427915508805 ], [ -0.04571247798436, 46.29213427219392 ], [ -0.04477600007885, 46.293082994541464 ], [ -0.043490135706292, 46.294248311472217 ], [ -0.042985775431975, 46.294973696483957 ], [ -0.042480306813707, 46.295726142791885 ], [ -0.041974838109428, 46.296595735137316 ], [ -0.041503532870661, 46.297261654850743 ], [ -0.040818862610104, 46.297901730456445 ], [ -0.039788386938501, 46.298285196535993 ], [ -0.03886053716618, 46.298386559938386 ], [ -0.037506671696339, 46.29835509822783 ], [ -0.036135579627997, 46.298130334445041 ], [ -0.034896362545122, 46.298032705012091 ], [ -0.033656896395035, 46.298047711368177 ], [ -0.032101420205364, 46.298084636706839 ], [ -0.030380127068933, 46.298085402617254 ], [ -0.028395535280504, 46.298214799163524 ], [ -0.027070097321817, 46.298461810167844 ], [ -0.025688209739182, 46.299075265727531 ], [ -0.024572816898597, 46.299735693555526 ], [ -0.023851074162844, 46.300579401117012 ], [ -0.023546467582238, 46.301348948960708 ], [ -0.023099101370432, 46.302735057567631 ], [ -0.02249619005817, 46.303377350309148 ], [ -0.021418276261071, 46.303635744121067 ], [ -0.019845777584055, 46.303767568328624 ], [ -0.018124859143932, 46.303754617398013 ], [ -0.016438020963326, 46.303817333994552 ], [ -0.015079920278463, 46.303970446692936 ], [ -0.013437805519876, 46.304302273689579 ], [ -0.01239174449224, 46.30466787320529 ], [ -0.011443610402402, 46.305111974891815 ], [ -0.010481044994159, 46.305412269071141 ], [ -0.009284456533464, 46.30583138009294 ], [ -0.008389318910372, 46.306057783917396 ], [ -0.007525953105596, 46.306247296342988 ], [ -0.006629997612236, 46.306577337222812 ], [ -0.005913521641698, 46.306884611129753 ], [ -0.005198705597724, 46.307245904114239 ], [ -0.004598451783666, 46.307586147456398 ], [ -0.003999798964704, 46.30790832267315 ], [ -0.003450716059394, 46.308422929374721 ], [ -0.002792037973753, 46.30921526604552 ], [ -0.00253055119113, 46.310042184132655 ], [ -0.002499400869106, 46.310682804309437 ], [ -0.0029959238066, 46.311602378508745 ], [ -0.003772747151078, 46.311658489553281 ], [ -0.003940581151418, 46.311352185972758 ], [ -0.004584395827482, 46.311425316300785 ], [ -0.005324117996219, 46.311468878587341 ], [ -0.006456922239181, 46.311542611383146 ], [ -0.007250938055019, 46.311580222415863 ], [ -0.008190078195792, 46.311537399165722 ], [ -0.009431029160737, 46.311473076882208 ], [ -0.01083510941518, 46.311584654509844 ], [ -0.011694866648695, 46.311706104034542 ], [ -0.012898203506829, 46.312021213065364 ], [ -0.014183446828123, 46.312500851258967 ], [ -0.015150290752378, 46.313196164816965 ], [ -0.015871274974756, 46.313771822691578 ], [ -0.016510025117058, 46.314318114681946 ], [ -0.017621227325848, 46.315460151261028 ], [ -0.018619623988358, 46.316348345091207 ], [ -0.019155215430136, 46.317145168653632 ], [ -0.01924550633603, 46.317696971499828 ], [ -0.019184812884201, 46.318387946047764 ], [ -0.018832890734026, 46.319316427481915 ], [ -0.018609411021688, 46.319980175763845 ], [ -0.018319405437448, 46.320758327533056 ], [ -0.018305586151036, 46.321497621179276 ], [ -0.0187564921453, 46.322008329151821 ], [ -0.019956292096121, 46.322701939381176 ], [ -0.021052280883561, 46.323163996441387 ], [ -0.021741790057044, 46.323731445007546 ], [ -0.021683830384155, 46.324377291939371 ], [ -0.021260313702697, 46.325163498160656 ], [ -0.02078984058832, 46.325712147614283 ], [ -0.019968926279059, 46.326580975280478 ], [ -0.01901902616566, 46.327187380810223 ], [ -0.018434914376046, 46.327563310205647 ], [ -0.017635099797516, 46.328179243724399 ], [ -0.017114517998285, 46.328693158172065 ], [ -0.016790060621579, 46.329508260990806 ], [ -0.016582500135582, 46.330320267576234 ], [ -0.016404214814652, 46.331262162228022 ], [ -0.016296474873249, 46.332044491211413 ], [ -0.016232121061485, 46.333330303604072 ], [ -0.01695204325515, 46.334023135520894 ], [ -0.018229191536588, 46.335147263486974 ], [ -0.01866235924152, 46.336347808017067 ], [ -0.018526122583022, 46.337414749920541 ], [ -0.017689903625999, 46.338599354912681 ], [ -0.016723988845105, 46.339179124497051 ], [ -0.015558358870898, 46.339818238232688 ], [ -0.014709110658531, 46.340178631528438 ], [ -0.013828291997172, 46.340485785525473 ], [ -0.012481631643461, 46.341075586081679 ], [ -0.011251977329305, 46.341427985468528 ], [ -0.009676765155501, 46.341672351734417 ], [ -0.008488957520417, 46.341816356622502 ], [ -0.006475937254571, 46.342144325128132 ], [ -0.005149273143754, 46.342413609564993 ], [ -0.003974124477914, 46.342480637427734 ], [ -0.003221790274923, 46.342522994489855 ], [ -0.002512316248895, 46.342753452922928 ], [ -0.001703158650471, 46.343040599753003 ], [ -0.000581876271569, 46.343709924401153 ], [ 0.000620898637577, 46.344696774164959 ], [ 0.001164185144865, 46.345490540192579 ], [ 0.001229716548982, 46.346406901234239 ], [ 0.000797563204331, 46.347120931051059 ], [ 0.000283812824903, 46.347566981425345 ], [ -0.000426884372291, 46.348115979453318 ], [ -0.001107626172149, 46.348877525516315 ], [ -0.001636809851798, 46.349390745659413 ], [ -0.001852886627169, 46.350078917875983 ], [ -0.00173999762709, 46.351032573371803 ], [ -0.00137923221243, 46.351785498340362 ], [ -0.000632162917429, 46.352850467407052 ], [ 0.000203656395634, 46.353769081691325 ], [ 0.001358462746427, 46.354353655928172 ], [ 0.002283588098909, 46.354594258214448 ], [ 0.004001414554967, 46.354666456102855 ], [ 0.005488910775496, 46.354714554901939 ], [ 0.007338517554299, 46.354875770262765 ], [ 0.008296209404854, 46.355045088579232 ], [ 0.009484956440804, 46.355130349266183 ], [ 0.010973531763854, 46.355016203736767 ], [ 0.012196613488701, 46.354521117763611 ], [ 0.012793259563032, 46.353914986905188 ], [ 0.01327321886515, 46.352895788890116 ], [ 0.013738901372797, 46.352137538152967 ], [ 0.014588093154411, 46.351362298133992 ], [ 0.015910485957161, 46.350833731777954 ], [ 0.016599062039927, 46.350806701856115 ], [ 0.01800386117175, 46.350865991935166 ], [ 0.019474172961066, 46.351012583387394 ], [ 0.021918269885705, 46.351247680963375 ], [ 0.023753023384735, 46.351417254970507 ], [ 0.024626537495343, 46.351674349307551 ], [ 0.02619510636344, 46.352359577463425 ], [ 0.027466822715936, 46.353167702438824 ], [ 0.028472090595918, 46.35432930920939 ], [ 0.029626469734424, 46.355382153237613 ], [ 0.030898010086043, 46.356028032827687 ], [ 0.032334533076358, 46.356799841935157 ], [ 0.032994771031228, 46.35719999838237 ], [ 0.033538460984152, 46.357565579176928 ], [ 0.034705277609315, 46.358560118939266 ], [ 0.035484128874711, 46.359197632178855 ], [ 0.036193461870093, 46.359869376333208 ], [ 0.037184429827388, 46.360796238806358 ], [ 0.037611838422885, 46.361555261298619 ], [ 0.037958195467178, 46.362104922425765 ], [ 0.038320716998819, 46.362884783232708 ], [ 0.038781863599213, 46.363910501759705 ], [ 0.03916009336786, 46.364424942173351 ], [ 0.039622812316749, 46.36544619167897 ], [ 0.039770910016416, 46.365643773826463 ], [ 0.039984322427103, 46.366437778119717 ], [ 0.040345682922953, 46.367168039880546 ], [ 0.040626459433447, 46.36782412052689 ], [ 0.040935513702107, 46.368318736104634 ], [ 0.04124124776779, 46.369115133025659 ], [ 0.041615238403718, 46.369949343838627 ], [ 0.041844703354996, 46.370856397021548 ], [ 0.041942067041185, 46.371823099414947 ], [ 0.041914627040519, 46.372570300034347 ], [ 0.041851682445827, 46.37342020592969 ], [ 0.041656697065197, 46.374136026768042 ], [ 0.041324797723454, 46.375024009333458 ], [ 0.040646496254063, 46.375745309376747 ], [ 0.039786328543417, 46.376218587853927 ], [ 0.039040477174995, 46.376528125056147 ], [ 0.037701540916177, 46.376538405585173 ], [ 0.036925309623617, 46.376423622702092 ], [ 0.035984538196434, 46.376318074234987 ], [ 0.034844290028776, 46.376193814597926 ], [ 0.032613466696978, 46.375869959603925 ], [ 0.031158451296556, 46.375764504269277 ], [ 0.029786142760904, 46.37574228394233 ], [ 0.027852014743566, 46.376187496103128 ], [ 0.026760785146028, 46.376717734147299 ], [ 0.025848721849712, 46.377495933827966 ], [ 0.025100993657164, 46.378364019061237 ], [ 0.024577976638518, 46.379337084844465 ], [ 0.024104166611023, 46.380099672737501 ], [ 0.023662313872939, 46.381016281029595 ], [ 0.0233222566877, 46.381976094697905 ], [ 0.023061747241083, 46.382933478474754 ], [ 0.02309343286791, 46.383474969247168 ], [ 0.023207174789644, 46.384613331688286 ], [ 0.023435890713061, 46.385840299451665 ], [ 0.023714660088243, 46.386865823737232 ], [ 0.024158489206213, 46.387945214403693 ], [ 0.024703561773296, 46.388887572542245 ], [ 0.025395373250438, 46.389766171572276 ], [ 0.026154000682816, 46.391020465896545 ], [ 0.026432659802353, 46.392145099322846 ], [ 0.026363159666407, 46.393445382150013 ], [ 0.026097333379418, 46.394213401066359 ], [ 0.025748265984168, 46.39497924910723 ], [ 0.025135023461367, 46.396004032818148 ], [ 0.024670446393336, 46.396690271858823 ], [ 0.023808922599642, 46.39768154021278 ], [ 0.023328484477274, 46.398299777823539 ], [ 0.022416674073977, 46.399041920884635 ], [ 0.021341547966731, 46.399721221357083 ], [ 0.01937090082737, 46.400579867327863 ], [ 0.017219643837501, 46.401429253287034 ], [ 0.015977729117131, 46.4017977687582 ], [ 0.013976968966123, 46.402227511727247 ], [ 0.012554992228649, 46.402505672717218 ], [ 0.009957562116966, 46.402626860289111 ], [ 0.008188079276641, 46.402661570917175 ], [ 0.006153543749486, 46.402612704564191 ], [ 0.004698854461756, 46.402488915838092 ], [ 0.003244961463732, 46.402279523640395 ], [ 0.000979442803201, 46.401954162943944 ], [ -0.000508561454434, 46.401631186199943 ], [ -0.002160119960963, 46.40132190798483 ], [ -0.003847825635416, 46.401101765160426 ], [ -0.00378713673948, 46.400945667882546 ], [ -0.00460444625709, 46.400743922055049 ], [ -0.005652518672324, 46.400617191129029 ], [ -0.008296410393101, 46.400660142932011 ], [ -0.009668781929685, 46.400840214078549 ], [ -0.010869739926701, 46.401218533545531 ], [ -0.012583533430143, 46.402038364847733 ], [ -0.014039319756806, 46.402666741895636 ], [ -0.015754475391616, 46.403297256591621 ], [ -0.018186073710639, 46.40371505427737 ], [ -0.019595641882056, 46.40383545190614 ], [ -0.020690420072652, 46.403869549478365 ], [ -0.022527212298687, 46.403636171953451 ], [ -0.02413283554457, 46.403791870079857 ], [ -0.025389217250887, 46.404015380681557 ], [ -0.026777016136783, 46.404330009436549 ], [ -0.027850289330809, 46.404774621394111 ], [ -0.02832342643564, 46.405343289847409 ], [ -0.028444266256681, 46.405948342194549 ], [ -0.028978253374104, 46.406533415598588 ], [ -0.03023787559218, 46.406180068010279 ], [ -0.031701172229464, 46.405483371437846 ], [ -0.032757598421003, 46.405928386512286 ], [ -0.033273748628391, 46.407059097435891 ], [ -0.033610765150678, 46.408036872025242 ], [ -0.034080781355487, 46.408875940017147 ], [ -0.035429177668325, 46.409790766072341 ], [ -0.036220243182069, 46.410170720653603 ], [ -0.037688422459408, 46.410708365641753 ], [ -0.038528706025916, 46.411199635816232 ], [ -0.038021398229471, 46.411916024909274 ], [ -0.037055999977984, 46.412360749301527 ], [ -0.035990215466955, 46.4127811022271 ], [ -0.035323146653022, 46.413249412658566 ], [ -0.035628564530466, 46.413962190241648 ], [ -0.036588260311215, 46.414116881127271 ], [ -0.037913772305792, 46.414149184515452 ], [ -0.039830200848841, 46.414638825302632 ], [ -0.041169119355271, 46.414981624035775 ], [ -0.042724250517452, 46.415206001154274 ], [ -0.043802935713788, 46.415087120253936 ], [ -0.044535569211896, 46.414720639902697 ], [ -0.045220262959104, 46.414382467899799 ], [ -0.045935782394025, 46.414106547975884 ], [ -0.047312171670198, 46.414069799322199 ], [ -0.047975576268839, 46.413957461937869 ], [ -0.048690601933404, 46.413789673431403 ], [ -0.049871750279699, 46.413406667550483 ], [ -0.050751432138535, 46.413247981704892 ], [ -0.051409249382222, 46.413595352049406 ], [ -0.051682390367611, 46.414426102946003 ], [ -0.051491270817397, 46.415179155786824 ], [ -0.051103293062859, 46.415743727898459 ], [ -0.050562226892343, 46.416623282262485 ], [ -0.050073391220365, 46.417528471496844 ], [ -0.049864985570439, 46.418322533415783 ], [ -0.049851572611746, 46.419458320010044 ], [ -0.049993750795399, 46.42006729091117 ], [ -0.050464373712171, 46.420910788923429 ], [ -0.05145055685205, 46.421582803049958 ], [ -0.052230676532513, 46.421575458581245 ], [ -0.053328949732748, 46.421199143344225 ], [ -0.054212527838157, 46.420828563109637 ], [ -0.055060586989869, 46.420522006037338 ], [ -0.055844084691654, 46.420086506481361 ], [ -0.057193649269247, 46.419428576646098 ], [ -0.058511159545474, 46.418780500398455 ], [ -0.059650445083041, 46.418695892126024 ], [ -0.060731000477881, 46.419306724032914 ], [ -0.062824526108938, 46.419926409713753 ], [ -0.064132446561611, 46.419990424878819 ], [ -0.065091949448964, 46.419906084096958 ], [ -0.06645928998941, 46.419914408282288 ], [ -0.067743501315001, 46.420159247499015 ], [ -0.068466452009882, 46.420734564517659 ], [ -0.068604102578424, 46.421699590366835 ], [ -0.068625883333772, 46.42287499410169 ], [ -0.068809622311562, 46.424149674107149 ], [ -0.069147452963686, 46.425082282267361 ], [ -0.069407799923727, 46.425656516958512 ], [ -0.070170846450642, 46.427915881153211 ], [ -0.070773227519462, 46.428291672645244 ], [ -0.072586390246924, 46.428923239051926 ], [ -0.072973084452638, 46.429958153741502 ], [ -0.072711343224237, 46.431096133411295 ], [ -0.072169905385081, 46.43217405458752 ], [ -0.071229536119557, 46.433204132488427 ], [ -0.070126673707399, 46.434265606191794 ], [ -0.068577670212484, 46.435158833765989 ], [ -0.067627000452473, 46.435729574323332 ], [ -0.066702614951142, 46.436605987380986 ], [ -0.065975181755315, 46.437670847258232 ], [ -0.065485009690918, 46.438481517878003 ], [ -0.065393998522354, 46.439204871846982 ], [ -0.065134441699894, 46.439851648622508 ], [ -0.064759053764314, 46.440339329474959 ], [ -0.065205321847293, 46.440579666813839 ], [ -0.066032988328724, 46.440787231742917 ], [ -0.067273361704182, 46.441078322849108 ], [ -0.069046127030666, 46.441332561585881 ], [ -0.070172240477135, 46.441468994078853 ], [ -0.070984497529149, 46.441564295895525 ], [ -0.072260083488203, 46.441669653043483 ], [ -0.073346323112996, 46.441676462242938 ], [ -0.074825047119231, 46.441546531216204 ], [ -0.076197355761393, 46.441378896887173 ], [ -0.077395918103782, 46.441112298029893 ], [ -0.07893928685926, 46.440719238901131 ], [ -0.07990008355397, 46.440328359343553 ], [ -0.080581354618439, 46.439904462971157 ], [ -0.081775066050947, 46.439529810172509 ], [ -0.082918348088075, 46.439670159152854 ], [ -0.084009334652883, 46.439992138744842 ], [ -0.08472173598219, 46.440211695160649 ], [ -0.085547963634431, 46.440576860034035 ], [ -0.086210578125142, 46.440860833382331 ], [ -0.087054029134099, 46.441207499320136 ], [ -0.088358838578432, 46.441690369030695 ], [ -0.089745903181247, 46.442405296818379 ], [ -0.090896422467576, 46.443086061268545 ], [ -0.091977555290386, 46.443692096356713 ], [ -0.092574421603344, 46.443941769209438 ], [ -0.093438655836842, 46.444400470930013 ], [ -0.094017331518612, 46.445087687012553 ], [ -0.094114407639679, 46.445787952881318 ], [ -0.093912814050637, 46.446554887088212 ], [ -0.093595618879728, 46.447329458694362 ], [ -0.092980779167245, 46.44816616127148 ], [ -0.092780577597602, 46.448613147116639 ], [ -0.092612757215065, 46.449194427694628 ], [ -0.092628321905466, 46.449905913270833 ], [ -0.092907127231912, 46.45059224570128 ], [ -0.093635260579912, 46.451315967925851 ], [ -0.094014432790833, 46.451679671032984 ], [ -0.094410226841703, 46.452083474248568 ], [ -0.09472508433364, 46.452462435337779 ], [ -0.095171457040965, 46.453045095166452 ], [ -0.095449797808763, 46.453492630469427 ], [ -0.095648017421603, 46.454113555566181 ], [ -0.095646620157469, 46.454663294313612 ], [ -0.095760327802206, 46.455426188336013 ], [ -0.095858203340239, 46.455680362356539 ], [ -0.096023527664637, 46.456157994900607 ], [ -0.0965843212247, 46.457147570717552 ], [ -0.097327349491288, 46.457947466161876 ], [ -0.098087578738208, 46.458269281408143 ], [ -0.098789532153488, 46.458552121390845 ], [ -0.09989382433541, 46.458801508039883 ], [ -0.10118537457607, 46.458766442615769 ], [ -0.102379810162469, 46.458720483537469 ], [ -0.103689035670123, 46.458446104273193 ], [ -0.105100162953932, 46.457785949061687 ], [ -0.106178627955577, 46.457260985829492 ], [ -0.107006519644091, 46.457098785292878 ], [ -0.107901984938552, 46.457069912714964 ], [ -0.109260597363692, 46.45711403353112 ], [ -0.110155157276558, 46.457229352733201 ], [ -0.110303955118883, 46.457392013834706 ], [ -0.110760645983097, 46.457717507650486 ], [ -0.11129984027494, 46.458094821360703 ], [ -0.11184210357598, 46.458548647309939 ], [ -0.11228825054203, 46.459054653941308 ], [ -0.112651319265594, 46.459909868396693 ], [ -0.112930518134104, 46.460483503915427 ], [ -0.11329447943011, 46.460897125930515 ], [ -0.11383979001107, 46.461175134888471 ], [ -0.114519092024428, 46.461607189747831 ], [ -0.115313463479492, 46.462090171459735 ], [ -0.116090134441631, 46.462582642512182 ], [ -0.116919109430058, 46.463145773780475 ], [ -0.117993293301868, 46.463868919588563 ], [ -0.119036029325522, 46.464543351117392 ], [ -0.119665615858256, 46.465062345115562 ], [ -0.120310597416855, 46.465553880588295 ], [ -0.121120099713839, 46.466162573456238 ], [ -0.122146734414575, 46.466895993935928 ], [ -0.123039712941081, 46.467344689436857 ], [ -0.124066693195862, 46.467582446487306 ], [ -0.125574671307232, 46.467861102801947 ], [ -0.126916773039157, 46.468135269226316 ], [ -0.1285292366494, 46.468370474598977 ], [ -0.12990526694203, 46.468553561100961 ], [ -0.131556346352136, 46.468688538332188 ], [ -0.133693684694479, 46.468774105695864 ], [ -0.135815162179782, 46.468810504637993 ], [ -0.138263528358354, 46.46872523756771 ], [ -0.140536032743597, 46.468847515978567 ], [ -0.14372099778385, 46.469435776135121 ], [ -0.145145508049936, 46.469802086588388 ], [ -0.14656951402263, 46.47018191122811 ], [ -0.148094055769888, 46.470653570737618 ], [ -0.150096757092923, 46.471476999235186 ], [ -0.151787254304326, 46.472133280524893 ], [ -0.153610090980277, 46.472979636410429 ], [ -0.154636263961227, 46.473334299881074 ], [ -0.156012245607967, 46.47358016124204 ], [ -0.157950046633361, 46.47381948775643 ], [ -0.160138663502009, 46.473682361566738 ], [ -0.161979595247918, 46.473915288402992 ], [ -0.163785610221412, 46.473905835299959 ], [ -0.16537673353597, 46.47381219081938 ], [ -0.167333778655476, 46.473640790043383 ], [ -0.169227261655122, 46.473475624821482 ], [ -0.170197225109849, 46.473579380701111 ], [ -0.171142728411915, 46.473755901925799 ], [ -0.172406026439451, 46.474036237738893 ], [ -0.173916595152702, 46.474575538326462 ], [ -0.174790291360419, 46.474907226216928 ], [ -0.176032901037041, 46.475480982410978 ], [ -0.176662828211108, 46.475814928009527 ], [ -0.177158732310776, 46.476445482344694 ], [ -0.177489975928351, 46.476936425678019 ], [ -0.17808522069001, 46.477771485342089 ], [ -0.178829516834696, 46.478701525053864 ], [ -0.179376621528293, 46.479560447952323 ], [ -0.179591182580787, 46.479996056326684 ], [ -0.180137009811431, 46.480855011652451 ], [ -0.180567391462693, 46.481568483454858 ], [ -0.181079587756143, 46.482297699541753 ], [ -0.181725671218674, 46.482973619960553 ], [ -0.182342243387854, 46.483456604531398 ], [ -0.183189414702493, 46.484023279901265 ], [ -0.184044737772962, 46.484706876267055 ], [ -0.184955040410339, 46.485370910448474 ], [ -0.185700979688663, 46.486035014951796 ], [ -0.186380566821317, 46.486813613651286 ], [ -0.18689284039795, 46.487452685881749 ], [ -0.187954101647678, 46.488175570550517 ], [ -0.188765181087895, 46.488725191083283 ], [ -0.189576148971422, 46.489495600090578 ], [ -0.189791352647496, 46.490363743571393 ], [ -0.190055094338711, 46.491347685893558 ], [ -0.190684740983342, 46.492474612951433 ], [ -0.191429487275275, 46.493048598574447 ], [ -0.192507353771071, 46.493406000407603 ], [ -0.193784446665134, 46.493600116539234 ], [ -0.194497648060211, 46.493701841272056 ], [ -0.194779136417467, 46.49420764911261 ], [ -0.195126279681217, 46.494698102817921 ], [ -0.196517459387594, 46.495501807970847 ], [ -0.197462799347307, 46.495533938109567 ], [ -0.198491730664297, 46.495500637533176 ], [ -0.199735778426197, 46.495664072337824 ], [ -0.200680247592015, 46.49590347425584 ], [ -0.201159701714617, 46.496246014882615 ], [ -0.201839525200616, 46.496889344803279 ], [ -0.20233763068578, 46.497393572734282 ], [ -0.202814163974441, 46.497952474781279 ], [ -0.203674737444177, 46.499050336691468 ], [ -0.203163682791817, 46.499591858909064 ], [ -0.202517684305358, 46.499880320616306 ], [ -0.201453316887461, 46.500333701382878 ], [ -0.20082042046116, 46.500734434695751 ], [ -0.199996093759081, 46.501275702818113 ], [ -0.199547469305634, 46.501747869839207 ], [ -0.199599711156694, 46.502237555449412 ], [ -0.199784415324294, 46.502827169303195 ], [ -0.200093062149299, 46.503282640205903 ], [ -0.200225038065116, 46.503752069273133 ], [ -0.20043954877495, 46.504448990375309 ], [ -0.20067218781717, 46.505321135398177 ], [ -0.20098650631178, 46.506317159053111 ], [ -0.201167932010762, 46.507005993699373 ], [ -0.201747410530535, 46.508427159868418 ], [ -0.20254251897323, 46.509297062749134 ], [ -0.203537121662142, 46.509963108043287 ], [ -0.204564796992119, 46.510569640744158 ], [ -0.205576287793386, 46.511122547220893 ], [ -0.206670427642408, 46.51168213868182 ], [ -0.207283350299882, 46.512138068306953 ], [ -0.208046721014452, 46.512643844267664 ], [ -0.208626684827909, 46.513226859041602 ], [ -0.208958743356698, 46.513767265002279 ], [ -0.20910622659961, 46.514808507267006 ], [ -0.209453582494085, 46.515519709049592 ], [ -0.20978469063105, 46.516132235045824 ], [ -0.210155545426572, 46.516599453419524 ], [ -0.210388567681788, 46.517120107054225 ], [ -0.210680333932859, 46.517995081318226 ], [ -0.210650650897567, 46.51882050549181 ], [ -0.210392394662838, 46.519422544505971 ], [ -0.209744207779931, 46.520076084411492 ], [ -0.209019306544317, 46.52066869007286 ], [ -0.20848791482256, 46.521089139984475 ], [ -0.207359609058104, 46.521859774583561 ], [ -0.206413198566912, 46.522305373800606 ], [ -0.205400093481169, 46.522815917789764 ], [ -0.204686132168958, 46.523196407399851 ], [ -0.204271286774593, 46.523401789953127 ], [ -0.203624637615855, 46.523861492885871 ], [ -0.202628366360247, 46.524614859502641 ], [ -0.2020637496594, 46.525315575364544 ], [ -0.202079877991827, 46.525900895058761 ], [ -0.202261043097067, 46.526495110524571 ], [ -0.202162107056298, 46.526655588985768 ], [ -0.202846532990413, 46.52703744740942 ], [ -0.203755254588679, 46.527503136371031 ], [ -0.205078770639705, 46.527650788588303 ], [ -0.205823927747548, 46.527688476244471 ], [ -0.206230938601763, 46.527726629504109 ], [ -0.206922631539241, 46.527743279491716 ], [ -0.207722868064601, 46.527851505165621 ], [ -0.20843768895719, 46.528061252925625 ], [ -0.20868539087618, 46.528631063398834 ], [ -0.208735398461556, 46.529125314205835 ], [ -0.208708824694407, 46.529693809100991 ], [ -0.208667322296989, 46.530740352992403 ], [ -0.20865003029107, 46.531200444556575 ], [ -0.208762313327106, 46.53219761346832 ], [ -0.208747707467378, 46.533013599082608 ], [ -0.208688123149067, 46.534240887356304 ], [ -0.208378705011347, 46.534884906489197 ], [ -0.207669076831349, 46.535585210122342 ], [ -0.206398044777181, 46.536310262407554 ], [ -0.205292216526078, 46.536647665176623 ], [ -0.203996386901294, 46.537107534277233 ], [ -0.203441044188739, 46.53750158937558 ], [ -0.203026712788027, 46.53813951819577 ], [ -0.203101166364808, 46.538606049214636 ], [ -0.203725889904209, 46.539124755832631 ], [ -0.204707471241912, 46.539471246930994 ], [ -0.205515859662221, 46.539759501301546 ], [ -0.206801867000401, 46.539908193026605 ], [ -0.208619273757604, 46.539987892035782 ], [ -0.210351825830237, 46.539957295721116 ], [ -0.21192815873848, 46.539913036720684 ], [ -0.21323572818831, 46.539961920322547 ], [ -0.214295595726379, 46.540040280674617 ], [ -0.215015914300918, 46.540096635203717 ], [ -0.216935021229218, 46.540394135567723 ], [ -0.218079297755673, 46.540618783633768 ], [ -0.219155654721497, 46.540732683232946 ], [ -0.220528202922439, 46.540797679120509 ], [ -0.221399677400596, 46.540759618112624 ], [ -0.223165422175502, 46.540561172449131 ], [ -0.224526363458141, 46.540099248562299 ], [ -0.226084025687591, 46.539938165335172 ], [ -0.22745424655883, 46.540228442520565 ], [ -0.228740297855547, 46.540949148334469 ], [ -0.229552130847982, 46.541557064692988 ], [ -0.230147690720212, 46.542283733649938 ], [ -0.230788683186582, 46.543423667231608 ], [ -0.231088146163021, 46.544244309283215 ], [ -0.231502168682725, 46.544728271124555 ], [ -0.232155073990124, 46.545011723967995 ], [ -0.232884620347568, 46.545265971115498 ], [ -0.233877100888956, 46.545548828011491 ], [ -0.234872029235949, 46.545894691257516 ], [ -0.235628513903385, 46.546184207661106 ], [ -0.23628078298779, 46.546719991775014 ], [ -0.236921662668567, 46.54730566075942 ], [ -0.237382033372261, 46.548216361345382 ], [ -0.237828408584824, 46.548825554665321 ], [ -0.238715803389432, 46.549931438383467 ], [ -0.23950313847963, 46.550562513690366 ], [ -0.240334321088605, 46.55103012590245 ], [ -0.241168312884285, 46.551281364672434 ], [ -0.242348219376911, 46.551396625214942 ], [ -0.243202109001684, 46.551521117349566 ], [ -0.244233343780954, 46.551793778082072 ], [ -0.245029619343175, 46.552091119288754 ], [ -0.245281188830999, 46.552169596867046 ], [ -0.245590018287932, 46.552332063582512 ], [ -0.246360440081601, 46.552918514394442 ], [ -0.246758865847697, 46.553312748286302 ], [ -0.247155724943448, 46.553702519380579 ], [ -0.247950839712101, 46.554527078358106 ], [ -0.248249593871497, 46.55504579985498 ], [ -0.248381762711906, 46.55561881717518 ], [ -0.247613282210156, 46.555920008470778 ], [ -0.246799757289048, 46.556276544906126 ], [ -0.24560561320107, 46.556779054358039 ], [ -0.244791076009709, 46.557009436235212 ], [ -0.244027216309707, 46.557125724975805 ], [ -0.24293283155492, 46.557066632073933 ], [ -0.242485109550302, 46.557007226508439 ], [ -0.241654110836928, 46.556895596140947 ], [ -0.2409907888588, 46.556747667745434 ], [ -0.240078331674437, 46.55658426183664 ], [ -0.238950625989249, 46.556733350714723 ], [ -0.237571834953114, 46.556966136050868 ], [ -0.236211990348972, 46.557320030139635 ], [ -0.235198659009609, 46.557569483531829 ], [ -0.234319324196338, 46.557765573775825 ], [ -0.232459688291233, 46.558349837267407 ], [ -0.230700800207189, 46.5590033200017 ], [ -0.229089965745038, 46.559598524248372 ], [ -0.227795009805737, 46.559792774552797 ], [ -0.226665899782835, 46.559941779110773 ], [ -0.225867991270537, 46.560631161574833 ], [ -0.226016980367343, 46.561271312989689 ], [ -0.226844853903108, 46.561968920894984 ], [ -0.227392405639184, 46.562345495628655 ], [ -0.228221053440898, 46.563209793205523 ], [ -0.228220546550504, 46.563818112528693 ], [ -0.227886913896541, 46.564251085639853 ], [ -0.227903033003973, 46.56500763242191 ], [ -0.227720555158363, 46.565521953655086 ], [ -0.227089674307057, 46.56590022507946 ], [ -0.226158256029679, 46.566300484630688 ], [ -0.225410821306563, 46.566542347752929 ], [ -0.224432390829766, 46.566921387969309 ], [ -0.223302838559476, 46.56726412298076 ], [ -0.222028740287957, 46.567615422595459 ], [ -0.220868329985338, 46.567922954065622 ], [ -0.219771581521082, 46.568467496872465 ], [ -0.21901826962046, 46.569096992483153 ], [ -0.218771848722796, 46.569680684084382 ], [ -0.218640438089446, 46.570220586687896 ], [ -0.21833530257574, 46.57080592840277 ], [ -0.217968629838623, 46.571433552924063 ], [ -0.217072332034096, 46.572121125494114 ], [ -0.215892836614249, 46.572749060096903 ], [ -0.214763035792619, 46.573267443564951 ], [ -0.213683274023531, 46.573748362688981 ], [ -0.212752050530731, 46.574310713606046 ], [ -0.211239906865706, 46.575348961560479 ], [ -0.210775269607713, 46.575979308116118 ], [ -0.210242378535979, 46.576737732443213 ], [ -0.210010138206573, 46.577010095235011 ], [ -0.209628735264733, 46.577390276651549 ], [ -0.208896875913066, 46.578055143459856 ], [ -0.208082342523303, 46.578515050859338 ], [ -0.206936789641866, 46.578858062508118 ], [ -0.206206100097767, 46.5791443822242 ], [ -0.205258223426858, 46.579071802030988 ], [ -0.204417574929289, 46.578667281628661 ], [ -0.203681338699462, 46.578282362179515 ], [ -0.202945377645759, 46.577901936450552 ], [ -0.20205363365443, 46.5775168530946 ], [ -0.201176044746031, 46.5771944496313 ], [ -0.200940645703974, 46.577169492434457 ], [ -0.199841975555851, 46.577421003783151 ], [ -0.199349824546918, 46.577763692223833 ], [ -0.198954059330333, 46.578234354932995 ], [ -0.19842193583353, 46.578875544344243 ], [ -0.197718882936146, 46.57918807159394 ], [ -0.196600419879485, 46.579570773586909 ], [ -0.195394039023597, 46.580014495111641 ], [ -0.194262214971002, 46.580370511074356 ], [ -0.192853903161346, 46.580959521956032 ], [ -0.191336674221535, 46.581452422551706 ], [ -0.190260082556907, 46.58217183185895 ], [ -0.190079328945184, 46.582767137213004 ], [ -0.190236523033457, 46.583330494115486 ], [ -0.190610541367712, 46.583802195807067 ], [ -0.190504374090358, 46.584309811224593 ], [ -0.189719482390254, 46.584565990785819 ], [ -0.188463309945027, 46.584497354534214 ], [ -0.187089334316745, 46.584715853244091 ], [ -0.186667577385649, 46.585191698029753 ], [ -0.186035480470452, 46.586205085582762 ], [ -0.185664727890679, 46.586927327761572 ], [ -0.184785319369476, 46.58824948060645 ], [ -0.183979637059342, 46.588330469007175 ], [ -0.183058210654689, 46.588712055374714 ], [ -0.18269650462476, 46.589366446942044 ], [ -0.182002191990262, 46.589876884435661 ], [ -0.180717804902431, 46.590601970477884 ], [ -0.179975734250872, 46.591212849732258 ], [ -0.179087194861174, 46.591778227084717 ], [ -0.177930502849354, 46.592184325666246 ], [ -0.176974977401377, 46.592409102706696 ], [ -0.175762104602774, 46.592726621260347 ], [ -0.174435693339421, 46.593114862067907 ], [ -0.173309764123743, 46.59360116370209 ], [ -0.171661912344665, 46.594687668774917 ], [ -0.170645595467105, 46.595306079882029 ], [ -0.169171381705051, 46.595896605061114 ], [ -0.167955237501951, 46.59613752935465 ], [ -0.166123059990452, 46.596620767514793 ], [ -0.164358989962257, 46.597151656711468 ], [ -0.163139427396966, 46.597604394731903 ], [ -0.162475902680303, 46.598221993194763 ], [ -0.162052283008892, 46.598941100741278 ], [ -0.161684763738108, 46.599478426070853 ], [ -0.160575304324414, 46.600072278935585 ], [ -0.15946240867856, 46.600292236065982 ], [ -0.157404451598625, 46.600403073859596 ], [ -0.155530796195486, 46.600558358738539 ], [ -0.15507549913041, 46.600597940125994 ], [ -0.154220232251861, 46.601022516771145 ], [ -0.153540643740508, 46.601568409513867 ], [ -0.152201063736564, 46.601983779057413 ], [ -0.15060224688193, 46.602144932131523 ], [ -0.148180307596745, 46.6019997773695 ], [ -0.148057350577946, 46.601953594745247 ], [ -0.147842427418789, 46.602328974506413 ], [ -0.147376853046068, 46.602801358534194 ], [ -0.146396152346381, 46.60334196516613 ], [ -0.14548104245936, 46.603502279136912 ], [ -0.144019032011229, 46.603384730596332 ], [ -0.143038447136654, 46.603294501603884 ], [ -0.141975124435577, 46.603129937221198 ], [ -0.1409626395757, 46.603234312272583 ], [ -0.140728294491894, 46.603772416008319 ], [ -0.140410657534091, 46.604317309140626 ], [ -0.139845907904571, 46.605247458019022 ], [ -0.139212837439124, 46.605855064473168 ], [ -0.13811553849984, 46.606439343954328 ], [ -0.136768875933229, 46.607007914504401 ], [ -0.136004024014071, 46.607281182747634 ], [ -0.135737018389227, 46.607707525634837 ], [ -0.134970583675472, 46.608634157687604 ], [ -0.134355094799906, 46.609434998402534 ], [ -0.133871709368171, 46.610236725937042 ], [ -0.13341848113997, 46.611312473671099 ], [ -0.1334017844351, 46.611885154721833 ], [ -0.133499684249526, 46.612540308639815 ], [ -0.13364774789672, 46.613135515774211 ], [ -0.133662158601978, 46.614248029664175 ], [ -0.133161340225389, 46.615383650644766 ], [ -0.132411351030688, 46.615985399970839 ], [ -0.131098589711603, 46.616580001658733 ], [ -0.129618271440289, 46.616922341703848 ], [ -0.128336936403834, 46.617245710341528 ], [ -0.126722766799481, 46.61778541208777 ], [ -0.125614362581181, 46.618410414450253 ], [ -0.124662885589246, 46.619035630096917 ], [ -0.124177175674479, 46.61941383896238 ], [ -0.123894157902034, 46.619723438267066 ], [ -0.12365933074179, 46.619801933260874 ], [ -0.123106724234969, 46.620222512500149 ], [ -0.122113299581843, 46.621006547210683 ], [ -0.120342742380068, 46.621991971467281 ], [ -0.119111551865604, 46.622440024360969 ], [ -0.117711076094628, 46.622924210673169 ], [ -0.116224509639662, 46.623595452967706 ], [ -0.114450716551553, 46.624801645233276 ], [ -0.113208664152029, 46.625952807167984 ], [ -0.112334921122321, 46.627003835354891 ], [ -0.111608245990723, 46.627996793581516 ], [ -0.110726668919998, 46.629895079436082 ], [ -0.110237387532098, 46.630557174935781 ], [ -0.109328169845978, 46.63169925126607 ], [ -0.108404509927062, 46.632589395829378 ], [ -0.107660680661922, 46.633902688587902 ], [ -0.107264199059113, 46.635274139974818 ], [ -0.10692841023833, 46.636815156837194 ], [ -0.10684669673314, 46.638178069324248 ], [ -0.106703056585239, 46.639831019697993 ], [ -0.106204446209089, 46.641385457279902 ], [ -0.105461983882665, 46.64245088299937 ], [ -0.104453311738366, 46.643460436637284 ], [ -0.102797996342688, 46.644419906648707 ], [ -0.100677158589749, 46.645247768600157 ], [ -0.098507661106447, 46.64607239950832 ], [ -0.09706576203116, 46.647152167237628 ], [ -0.096224616846358, 46.648143596711009 ], [ -0.095260629816159, 46.64959790602736 ], [ -0.095080483940892, 46.651076095790835 ], [ -0.094860924122807, 46.652965356323243 ], [ -0.094560004047187, 46.654690105689809 ], [ -0.094310411935891, 46.656305333731382 ], [ -0.094263790130157, 46.657532107759842 ], [ -0.094493936700257, 46.659436256533546 ], [ -0.095015955420062, 46.660489982926265 ], [ -0.095260534589968, 46.660992508363741 ], [ -0.096366808331302, 46.661733084029798 ], [ -0.097674415505686, 46.66242315363256 ], [ -0.098661585814283, 46.663392205724961 ], [ -0.098770825431724, 46.664137178269883 ], [ -0.098703322063889, 46.665914198857088 ], [ -0.09839342965443, 46.666792150016633 ], [ -0.097471056711902, 46.667947972518412 ], [ -0.096966033913151, 46.668204916668515 ], [ -0.095481250046301, 46.668519855427931 ], [ -0.09416867186268, 46.668411109961681 ], [ -0.092909261503597, 46.667994537371939 ], [ -0.091831081467528, 46.667518997334632 ], [ -0.091370922467192, 46.667184478688341 ], [ -0.089876427336192, 46.666891357257853 ], [ -0.088845519265027, 46.666693860332636 ], [ -0.087716881800972, 46.666480964382089 ], [ -0.086388860149116, 46.666237381195643 ], [ -0.084726124642799, 46.666115428316296 ], [ -0.082495559628191, 46.666274547455863 ], [ -0.079711151207909, 46.666777406087803 ], [ -0.077948856471347, 46.666815722789039 ], [ -0.076337903328718, 46.666498520650016 ], [ -0.074542263975105, 46.666294381984493 ], [ -0.07266398644006, 46.666295178616892 ], [ -0.07033151095827, 46.666573934641178 ], [ -0.068631184763405, 46.666921328368375 ], [ -0.067106975543858, 46.66760640277397 ], [ -0.066330401772929, 46.668388605016467 ], [ -0.065644309324143, 46.669290030263518 ], [ -0.064997926178453, 46.670501268081246 ], [ -0.064252429154328, 46.671719655614297 ], [ -0.063338653838808, 46.673181323957529 ], [ -0.062615909878309, 46.673898981551204 ], [ -0.060544474988319, 46.674472422278129 ], [ -0.058983838266607, 46.674306816705233 ], [ -0.058484292241885, 46.674293110024117 ], [ -0.057918588005362, 46.674290176543394 ], [ -0.057088538633586, 46.674172640869457 ], [ -0.056125625186954, 46.673950509433531 ], [ -0.054698515080512, 46.673691177865855 ], [ -0.053398682494533, 46.67318063896937 ], [ -0.052331642520273, 46.672339495567229 ], [ -0.051742299682941, 46.671728924105167 ], [ -0.051265073051481, 46.67127305736102 ], [ -0.050462371938209, 46.670569037609333 ], [ -0.049944691646769, 46.670091714831436 ], [ -0.049264619705474, 46.66951958892853 ], [ -0.04915782822749, 46.669459352708756 ], [ -0.048077433062171, 46.668960942663908 ], [ -0.047002517330993, 46.668606551848875 ], [ -0.045387245177663, 46.668162880692144 ], [ -0.044069380906473, 46.667630193030249 ], [ -0.043157969938014, 46.667109229857253 ], [ -0.042796531804208, 46.666334875470675 ], [ -0.042917699713225, 46.664642116044931 ], [ -0.042933427954173, 46.663497314136556 ], [ -0.042658760051802, 46.662612525301427 ], [ -0.04142098029076, 46.662104717885754 ], [ -0.039640787596151, 46.661773477693387 ], [ -0.038105021582286, 46.661904298682323 ], [ -0.03724625860126, 46.661994636496168 ], [ -0.035560289912116, 46.66173292419515 ], [ -0.033905498429827, 46.661560471053306 ], [ -0.03248904881684, 46.661742123910365 ], [ -0.031675206465646, 46.661957383496585 ], [ -0.030790493096683, 46.66207539151133 ], [ -0.028844288090116, 46.663014397890414 ], [ -0.027899277547763, 46.66353045286592 ], [ -0.026629074243889, 46.664059590917546 ], [ -0.025000461289624, 46.664499053009258 ], [ -0.023806531860221, 46.664706261762106 ], [ -0.022571938796418, 46.664864970504922 ], [ -0.020537343860866, 46.66499518731964 ], [ -0.019013760595737, 46.665111911786028 ], [ -0.01780197701796, 46.664927557911106 ], [ -0.01545771763076, 46.664525188604316 ], [ -0.014182667620888, 46.664355977409336 ], [ -0.011872458236621, 46.664141866922947 ], [ -0.009709895339233, 46.664040974033426 ], [ -0.008703612465019, 46.664044861271719 ], [ -0.007774195873693, 46.664326056142947 ], [ -0.006977896346703, 46.665239009016659 ], [ -0.006294469905209, 46.666063393691644 ], [ -0.005420701064972, 46.666712548907412 ], [ -0.004848780008459, 46.667092474816201 ], [ -0.003942369601022, 46.667625333842061 ], [ -0.000403217573624, 46.669524656720967 ], [ 0.000054394642297, 46.670126832329146 ], [ 0.000515245933812, 46.670670520966603 ], [ 0.001248797743936, 46.671230350787269 ], [ 0.002759827862811, 46.671981705138172 ], [ 0.00393116506872, 46.672413294163604 ], [ 0.005503525256381, 46.672931935423343 ], [ 0.008022362917354, 46.673664479617635 ], [ 0.010216469938175, 46.674019063247876 ], [ 0.01118347563493, 46.674026252318775 ], [ 0.012203016775359, 46.674030296861325 ], [ 0.013028280796906, 46.674020260905522 ], [ 0.01419327337266, 46.673974012913014 ], [ 0.015357840998651, 46.673959279274996 ], [ 0.016792966138035, 46.674023658319783 ], [ 0.017862351755958, 46.674407395236777 ], [ 0.018774351354914, 46.675106906556124 ], [ 0.019367032207899, 46.675924258458579 ], [ 0.019966247851795, 46.67657508037793 ], [ 0.020657800965264, 46.677237308453279 ], [ 0.021408075129092, 46.678022700137504 ], [ 0.022285724134937, 46.678896994420867 ], [ 0.023187001552214, 46.679555640482619 ], [ 0.024253080726868, 46.680313166449331 ], [ 0.024987253592749, 46.680868344346372 ], [ 0.025897729029228, 46.681599290273027 ], [ 0.026873106594976, 46.682340921408716 ], [ 0.02743020425182, 46.68278336450313 ], [ 0.029285386700864, 46.683430637785563 ], [ 0.031652976609479, 46.684046090825923 ], [ 0.033856845435557, 46.684783406656102 ], [ 0.035527074673332, 46.68551139131975 ], [ 0.037064309144585, 46.68625393563385 ], [ 0.038264900027215, 46.686951723252086 ], [ 0.039097858203941, 46.687644512399629 ], [ 0.039765759637772, 46.688242929924854 ], [ 0.040521119801239, 46.688942715219184 ], [ 0.040947151369855, 46.689679051481292 ], [ 0.041357171725347, 46.690180700187589 ], [ 0.042081354313935, 46.690708470366779 ], [ 0.042858508163706, 46.691201559346368 ], [ 0.04375317891412, 46.691364284149778 ], [ 0.044536043786067, 46.691415995414189 ], [ 0.045595142613655, 46.691420753971201 ], [ 0.046750424279525, 46.691342379912939 ], [ 0.047908222889221, 46.691169449335938 ], [ 0.048731943957924, 46.691168120781704 ], [ 0.049810166681865, 46.691664401815558 ], [ 0.050746435633215, 46.69209845443855 ], [ 0.051612819760711, 46.692035128756693 ], [ 0.052301329533791, 46.69182305864684 ], [ 0.053012254724825, 46.691728696038702 ], [ 0.054349944941311, 46.691956781214628 ], [ 0.05481842459336, 46.692324722884479 ], [ 0.055230544580915, 46.692790330147133 ], [ 0.055512790962238, 46.693212055024603 ], [ 0.055798626858754, 46.693881657566259 ], [ 0.056250171386109, 46.694659131545421 ], [ 0.056932245043234, 46.695532622185759 ], [ 0.057658267666519, 46.696006272496959 ], [ 0.058734962205232, 46.696533961755193 ], [ 0.059581790968751, 46.696929602958093 ], [ 0.060616502227096, 46.697217422129739 ], [ 0.061640977249633, 46.697428381235078 ], [ 0.062548397964325, 46.697600292161731 ], [ 0.063549651150612, 46.697756576964736 ], [ 0.064278855676418, 46.697833808131087 ], [ 0.065616500389149, 46.698066260613651 ], [ 0.065868249350453, 46.698933189487505 ], [ 0.065990602061419, 46.699431888604352 ], [ 0.066146786664572, 46.700080123591803 ], [ 0.066309838911739, 46.700552831877587 ], [ 0.066735837538648, 46.701491791196752 ], [ 0.067145505802376, 46.702272649796768 ], [ 0.067510199753837, 46.702673922427365 ], [ 0.067906924995677, 46.703039970990737 ], [ 0.068120377472115, 46.703234643250738 ], [ 0.06852243613456, 46.703623351574144 ], [ 0.069150013232756, 46.704274614191768 ], [ 0.069972438727912, 46.704980405998548 ], [ 0.070615879338357, 46.705726673098326 ], [ 0.071128360128973, 46.706302902029996 ], [ 0.071904185506001, 46.707048035066606 ], [ 0.072565946937802, 46.707722674615773 ], [ 0.072941840348999, 46.708403532904747 ], [ 0.073505047884837, 46.708963023036205 ], [ 0.074282257592438, 46.709586533965023 ], [ 0.074863913733446, 46.709804095652473 ], [ 0.076444479178338, 46.709934481705417 ], [ 0.078041183616428, 46.709984164218895 ], [ 0.079520697869623, 46.710093913655875 ], [ 0.081035976192887, 46.710245099917593 ], [ 0.082549315946209, 46.71031061914217 ], [ 0.084031148544326, 46.710231153474552 ], [ 0.085546645590814, 46.710134503364614 ], [ 0.086712429329251, 46.709988408585794 ], [ 0.087795072343473, 46.709853707356849 ], [ 0.088594881408898, 46.709765881305415 ], [ 0.089344080396638, 46.709766868306716 ], [ 0.090641959208399, 46.709795279302078 ], [ 0.091674053148644, 46.709821444218711 ], [ 0.092688145059963, 46.709914720378777 ], [ 0.094627836991067, 46.710139550863005 ], [ 0.096042581458415, 46.710432155642181 ], [ 0.097293838566496, 46.710499856922013 ], [ 0.098607485390268, 46.710650213863254 ], [ 0.099637968088629, 46.710829439205476 ], [ 0.100836486712125, 46.711026416168707 ], [ 0.102132751985203, 46.711257384648697 ], [ 0.103546785996493, 46.711441755066872 ], [ 0.104694468682199, 46.711560821347824 ], [ 0.105889576978538, 46.711748648435474 ], [ 0.106922131969013, 46.711914344238465 ], [ 0.107587138612186, 46.711971654689115 ], [ 0.108727912115915, 46.712171597335569 ], [ 0.109849347470153, 46.712267424664432 ], [ 0.110613046973268, 46.712390274141889 ], [ 0.111977284096343, 46.712649871457828 ], [ 0.113091349085202, 46.712786026809816 ], [ 0.113837280524464, 46.713120145466114 ], [ 0.11461561742724, 46.713707357343452 ], [ 0.114895875042809, 46.714349617662315 ], [ 0.114776463006521, 46.714797121417789 ], [ 0.114322826326, 46.715321817059078 ], [ 0.114087309288637, 46.715833976397626 ], [ 0.113952500001278, 46.716028808763561 ], [ 0.113598386522074, 46.716578530050739 ], [ 0.113396043003847, 46.717082512386334 ], [ 0.112975864935095, 46.717765721986446 ], [ 0.11283953327371, 46.718235323610493 ], [ 0.112501269945652, 46.718979158254115 ], [ 0.112285218304742, 46.719149419406307 ], [ 0.112530677000542, 46.719633131932298 ], [ 0.112977659234878, 46.720022802202863 ], [ 0.113589951580761, 46.72050672945268 ], [ 0.114253253381934, 46.721091046942334 ], [ 0.114765764987541, 46.721603993623503 ], [ 0.115293369494628, 46.722202913054822 ], [ 0.115855318595808, 46.722969379602517 ], [ 0.116118326846111, 46.723394958164192 ], [ 0.116515859043356, 46.72387797634039 ], [ 0.116811702108849, 46.724326903126773 ], [ 0.117158819757729, 46.724772611834567 ], [ 0.11752078047826, 46.725358348429715 ], [ 0.118113644906721, 46.72648147640394 ], [ 0.11847596997226, 46.727134793949674 ], [ 0.118952720032232, 46.727903608153731 ], [ 0.119581240683959, 46.728874450179994 ], [ 0.12028982985371, 46.729941902440437 ], [ 0.120916529589531, 46.730700953367169 ], [ 0.122008835180388, 46.73182306708285 ], [ 0.123033109449103, 46.733141685015759 ], [ 0.123675205652369, 46.734130860378421 ], [ 0.124668776368425, 46.735164875447737 ], [ 0.12534676026699, 46.735898152594785 ], [ 0.126532887866395, 46.737207271759381 ], [ 0.127880878751877, 46.738826766889687 ], [ 0.129001093860736, 46.740120692556758 ], [ 0.130043066353257, 46.741160369705 ], [ 0.13102260031024, 46.741820056122883 ], [ 0.131952529754724, 46.742253244605621 ], [ 0.1329815912645, 46.742621325736025 ], [ 0.134310290790944, 46.742974351500266 ], [ 0.135647447143631, 46.743241977666599 ], [ 0.138024945671453, 46.74324270123391 ], [ 0.139887698243489, 46.743361198423898 ], [ 0.141821018088134, 46.743458897035737 ], [ 0.143317654270332, 46.743635798200287 ], [ 0.144932718678264, 46.743878694098093 ], [ 0.146558143345432, 46.744099299573172 ], [ 0.148086420821424, 46.744497667121578 ], [ 0.149685005442203, 46.745104987063563 ], [ 0.150368230228355, 46.745572441070472 ], [ 0.151328553336321, 46.746479241002142 ], [ 0.151808969065968, 46.747090317105915 ], [ 0.15253568377985, 46.748153488626947 ], [ 0.153196286493357, 46.749003283180677 ], [ 0.153791646964023, 46.749747842478257 ], [ 0.154551484567042, 46.750730730780134 ], [ 0.155169175292672, 46.751300142456799 ], [ 0.15594410761348, 46.751895969554788 ], [ 0.157185774061297, 46.752615969453736 ], [ 0.158264087145755, 46.753151715634907 ], [ 0.159416864385461, 46.75379290633628 ], [ 0.160511093177956, 46.75440110259585 ], [ 0.16145681675167, 46.754816410533358 ], [ 0.162593100857072, 46.755222903912404 ], [ 0.163886041799111, 46.755642264290103 ], [ 0.164839299734767, 46.756039709500655 ], [ 0.166334609641647, 46.756626213759759 ], [ 0.167560200315313, 46.756980800622102 ], [ 0.168323026176204, 46.757486141370357 ], [ 0.16900337957323, 46.757989443716298 ], [ 0.170231869626803, 46.758817086574545 ], [ 0.171361241949338, 46.759484602772893 ], [ 0.172588199129152, 46.760393268707098 ], [ 0.173051583964959, 46.760985806106632 ], [ 0.173630640369084, 46.761824451768931 ], [ 0.174010754913641, 46.762455479362785 ], [ 0.174456869429383, 46.763430500239934 ], [ 0.175012403231433, 46.764268558600364 ], [ 0.176100939157913, 46.764867445517517 ], [ 0.177210842049229, 46.765232592959599 ], [ 0.178125454155385, 46.765646990210726 ], [ 0.178903880638561, 46.766310307984348 ], [ 0.179667498787157, 46.767031819624449 ], [ 0.180096450875216, 46.767835207709517 ], [ 0.180522181810863, 46.769255681263211 ], [ 0.18053573885128, 46.769877685385055 ], [ 0.180514729241464, 46.77071056960245 ], [ 0.180491704715403, 46.771809191102967 ], [ 0.180271107623657, 46.772722768583115 ], [ 0.179882205703772, 46.773695282232921 ], [ 0.179478939573121, 46.774338587119672 ], [ 0.179025560714743, 46.775138330381097 ], [ 0.178337488958455, 46.775936812944821 ], [ 0.178101281600263, 46.776494119129126 ], [ 0.178248644308696, 46.777114904619005 ], [ 0.178645813463036, 46.777597668999107 ], [ 0.179427045241096, 46.778008773729709 ], [ 0.18007243989968, 46.77856069426084 ], [ 0.180903468294527, 46.779351418125692 ], [ 0.181255861859793, 46.779788025072868 ], [ 0.181800533560747, 46.780562706088695 ], [ 0.182158799890527, 46.781517511370396 ], [ 0.182305053622918, 46.78216078642928 ], [ 0.182249349473272, 46.782803613464516 ], [ 0.182218394526556, 46.78355065878327 ], [ 0.182111084402132, 46.784151676436608 ], [ 0.182004994986666, 46.78515815988947 ], [ 0.182035275927092, 46.785812104846464 ], [ 0.182248862991547, 46.786371438246491 ], [ 0.182490666308833, 46.786917948383824 ], [ 0.182797693972054, 46.787421008500019 ], [ 0.1833416986967, 46.787781216815901 ], [ 0.184255293486089, 46.788299138731162 ], [ 0.185251692745776, 46.789066846988376 ], [ 0.186565551144673, 46.789986472929144 ], [ 0.187095442852963, 46.790467946830645 ], [ 0.187608666403754, 46.79116974655367 ], [ 0.187987818041578, 46.792003407709856 ], [ 0.188332683688832, 46.792840733147266 ], [ 0.188712181265082, 46.793642865715036 ], [ 0.189125163715653, 46.794558436039971 ], [ 0.189586102421394, 46.795637350435349 ], [ 0.190280052508635, 46.796726463705021 ], [ 0.190759975658003, 46.79749049904725 ], [ 0.191106206054723, 46.798201711739353 ], [ 0.191503403058005, 46.798891644387396 ], [ 0.191966529914659, 46.799727339866841 ], [ 0.192569065280847, 46.80048084683591 ], [ 0.192407495586799, 46.801269745957676 ], [ 0.192163573983937, 46.801925993818529 ], [ 0.191850837850863, 46.802517492778939 ], [ 0.191204461455221, 46.803141381854559 ], [ 0.190560890813018, 46.803837413014655 ], [ 0.19007561381122, 46.804415680735239 ], [ 0.190088492661577, 46.804749351133424 ], [ 0.190324346413876, 46.80569211551795 ], [ 0.190896540436649, 46.806652108249402 ], [ 0.191451983271395, 46.807530601759034 ], [ 0.191858628301439, 46.808292837299462 ], [ 0.192753741879656, 46.809251696870902 ], [ 0.193625500412346, 46.81007933937984 ], [ 0.195311596570214, 46.811476428431121 ], [ 0.196368670490424, 46.812376140391677 ], [ 0.197594148482824, 46.813572757316805 ], [ 0.198498330244894, 46.814486739514663 ], [ 0.199939090799352, 46.815404773372926 ], [ 0.201165376302933, 46.816741015177627 ], [ 0.202491109510562, 46.81808416642199 ], [ 0.203162255227533, 46.818735665494771 ], [ 0.203935699268316, 46.819592362019961 ], [ 0.204860093666912, 46.820754540789444 ], [ 0.20524844222361, 46.821520779292889 ], [ 0.205205713774675, 46.822501777041474 ], [ 0.204829014259571, 46.823443123567685 ], [ 0.204002132672691, 46.824256400110031 ], [ 0.202592748706963, 46.825190644819166 ], [ 0.201098390807326, 46.825888557660463 ], [ 0.199587480437804, 46.826626591641457 ], [ 0.197864069318416, 46.827868466904903 ], [ 0.19748539032221, 46.828692620017755 ], [ 0.197341649564067, 46.82964412631727 ], [ 0.197500336613263, 46.830738145229823 ], [ 0.197923075453054, 46.831676425975928 ], [ 0.198318465286545, 46.83255998128233 ], [ 0.198265261053392, 46.833563245376062 ], [ 0.19811176939328, 46.834627132647995 ], [ 0.198420407315832, 46.835792372192444 ], [ 0.198758461355037, 46.836363699797822 ], [ 0.199042316722796, 46.837145429442614 ], [ 0.199336670374455, 46.837927413647812 ], [ 0.199323621683183, 46.83853523659819 ], [ 0.199128810516709, 46.839255756945541 ], [ 0.198782623886465, 46.839805915010828 ], [ 0.198269154446471, 46.840239379019607 ], [ 0.197839198319427, 46.840733437086733 ], [ 0.197676367654861, 46.841215982780383 ], [ 0.197679990391728, 46.84172961198005 ], [ 0.197784014130936, 46.842358305601138 ], [ 0.197939813421965, 46.843204487825524 ], [ 0.198180353916361, 46.84393561029659 ], [ 0.198450472786609, 46.844577357521352 ], [ 0.198907920731393, 46.845430883348421 ], [ 0.199312501394727, 46.846138968176042 ], [ 0.199832543434522, 46.846696700719697 ], [ 0.200452773443901, 46.847094698353047 ], [ 0.201743436480904, 46.847427916826909 ], [ 0.202512336933364, 46.847541216309615 ], [ 0.204759794184379, 46.847960728981853 ], [ 0.205461100094704, 46.848239040692398 ], [ 0.206081017624774, 46.848542399694907 ], [ 0.206933012527228, 46.848801837941934 ], [ 0.207656627297319, 46.849157257452411 ], [ 0.208464221600305, 46.849947162366412 ], [ 0.209208115565878, 46.850699477987185 ], [ 0.209703065367715, 46.851364666022548 ], [ 0.210109979367553, 46.852234933262075 ], [ 0.210564441294655, 46.85299823841985 ], [ 0.210935758387863, 46.853489243616423 ], [ 0.211788307267238, 46.853969386905376 ], [ 0.212857919541443, 46.854238556308069 ], [ 0.214460235663461, 46.854543137070046 ], [ 0.215397086542573, 46.854917180626138 ], [ 0.215936285971907, 46.855592418588508 ], [ 0.216193256935359, 46.856495069428753 ], [ 0.216314579403693, 46.857200736053706 ], [ 0.216887300675675, 46.857863265221475 ], [ 0.217475852761842, 46.858499145799072 ], [ 0.218214892553535, 46.85919722198782 ], [ 0.218785021736556, 46.859706518498029 ], [ 0.219574018457161, 46.860378764299014 ], [ 0.220295652135854, 46.860905227252744 ], [ 0.220951495689862, 46.86158775997562 ], [ 0.221437475664819, 46.862022934775837 ], [ 0.222108994160798, 46.86257970775528 ], [ 0.222874909381613, 46.863165782525876 ], [ 0.223471665456515, 46.863644163114834 ], [ 0.224021578584261, 46.864062849694733 ], [ 0.22475911957441, 46.864562637650245 ], [ 0.225429375959036, 46.865042779630109 ], [ 0.226184795144147, 46.865655605156043 ], [ 0.227071852482501, 46.866109429549198 ], [ 0.227985105840563, 46.866334140386215 ], [ 0.229030233991156, 46.866471926129329 ], [ 0.230327957095188, 46.866602267716459 ], [ 0.231563979434174, 46.866834717109789 ], [ 0.232510523338735, 46.867051182799194 ], [ 0.233574654068035, 46.86738308315914 ], [ 0.234823618746418, 46.867877076826211 ], [ 0.235661714160571, 46.868365692805689 ], [ 0.236481424802574, 46.86877728203828 ], [ 0.237038609491226, 46.869056433197002 ], [ 0.237743274552318, 46.869483269417074 ], [ 0.238559609555332, 46.87003890999182 ], [ 0.239764299831697, 46.870527280207021 ], [ 0.240992463920117, 46.870993676840349 ], [ 0.241625923145181, 46.871220577504531 ], [ 0.242540010658296, 46.871431675185789 ], [ 0.243525313161184, 46.871585911027672 ], [ 0.244243118344776, 46.871756256879713 ], [ 0.24548006648358, 46.871948032954151 ], [ 0.246761177700654, 46.872149861184383 ], [ 0.248186186878958, 46.872260518737583 ], [ 0.24895182926029, 46.872368913909838 ], [ 0.249870865839586, 46.87263863028722 ], [ 0.250893099404254, 46.873127024743219 ], [ 0.251529243517716, 46.873457539057164 ], [ 0.252348869556665, 46.873796934462177 ], [ 0.252951090744945, 46.873941942321004 ], [ 0.253318951233405, 46.874045317793694 ], [ 0.254237980791438, 46.874342025363099 ], [ 0.255040749274347, 46.87459991606363 ], [ 0.256194451641933, 46.874906708366076 ], [ 0.25709701579291, 46.875036330217455 ], [ 0.257714615435022, 46.875267266015001 ], [ 0.258501675203833, 46.875628362893288 ], [ 0.259256340935099, 46.876006701089871 ], [ 0.260270252638698, 46.87570200472863 ], [ 0.260969931188157, 46.875583519272794 ], [ 0.261635783937782, 46.875536298095533 ], [ 0.263137512344222, 46.875508951107911 ], [ 0.263971447645138, 46.875515263207006 ], [ 0.264789863979071, 46.875516695916879 ], [ 0.266258551191067, 46.875727265058913 ], [ 0.266526544459655, 46.875805702666639 ], [ 0.26731298935085, 46.87618023676476 ], [ 0.267916110236519, 46.876464827417252 ], [ 0.268754005993695, 46.876939672623244 ], [ 0.269726270277208, 46.877381662077035 ], [ 0.27056181696017, 46.877721300961603 ], [ 0.271215372755306, 46.878074637568048 ], [ 0.271969221038018, 46.878367283434358 ], [ 0.272870437488989, 46.878447197287052 ], [ 0.273953801008696, 46.878432317764698 ], [ 0.274986406621903, 46.878172981081946 ], [ 0.27566582677441, 46.877752122421441 ], [ 0.276379267268247, 46.877255487699124 ], [ 0.277126223011645, 46.876849732453728 ], [ 0.278240640098161, 46.876425634803731 ], [ 0.279535853637949, 46.875906700084123 ], [ 0.280601504091964, 46.875589536659618 ], [ 0.281749950503361, 46.875323868837704 ], [ 0.283165667517661, 46.875046480506306 ], [ 0.283948182266259, 46.874925307461197 ], [ 0.284930274302933, 46.87472775550188 ], [ 0.285630705659676, 46.874645175727089 ], [ 0.286480643352013, 46.874620170749729 ], [ 0.287548098933546, 46.874658844476187 ], [ 0.288768843967428, 46.874863281879179 ], [ 0.289407054832051, 46.874999935119668 ], [ 0.29035419768545, 46.87521142548124 ], [ 0.291476285263921, 46.875445042696938 ], [ 0.292832409549968, 46.87567514429503 ], [ 0.294448483583206, 46.876145574523555 ], [ 0.295671358961925, 46.876597735172339 ], [ 0.296075698739649, 46.876972098948848 ], [ 0.296266506209017, 46.877886490686564 ], [ 0.296739027032114, 46.878316507121724 ], [ 0.297505750723628, 46.878406582331358 ], [ 0.298606805102846, 46.878405399884628 ], [ 0.299641622645283, 46.878546796961921 ], [ 0.300478028615529, 46.878715063213548 ], [ 0.301466140828013, 46.879134626797679 ], [ 0.302484808770494, 46.879442285303526 ], [ 0.303731425886953, 46.879367888058219 ], [ 0.304569747505221, 46.879049684430882 ], [ 0.30583052551559, 46.878637760070063 ], [ 0.306980356193519, 46.878448450826724 ], [ 0.308164890625118, 46.878512192664282 ], [ 0.309086682533892, 46.878628338735609 ], [ 0.310289984448691, 46.87873754202473 ], [ 0.311035076469556, 46.878628824204164 ], [ 0.311614710593745, 46.878200924457829 ], [ 0.312394669399582, 46.877786708286997 ], [ 0.313408649278509, 46.877368940300236 ], [ 0.314323806350972, 46.877115523389556 ], [ 0.315638948016446, 46.876902959131883 ], [ 0.316808499718155, 46.877056352519602 ], [ 0.318090402854342, 46.876824967872537 ], [ 0.318519472428186, 46.876411544610967 ], [ 0.319548977402529, 46.875917509935533 ], [ 0.320664108323302, 46.875524557689118 ], [ 0.321398049830777, 46.875586684056735 ], [ 0.322470988551564, 46.875913445712158 ], [ 0.323260069615598, 46.876215578647184 ], [ 0.324334344285804, 46.87627659081911 ], [ 0.32560794971004, 46.876238622009431 ], [ 0.326671348142144, 46.876227288469885 ], [ 0.327947151495514, 46.876171327123458 ], [ 0.329057888969451, 46.876025937235603 ], [ 0.330405549969694, 46.875791438605717 ], [ 0.330937240337708, 46.875479448984393 ], [ 0.331582203840994, 46.874868285666857 ], [ 0.332090588936398, 46.874069271399414 ], [ 0.332863369277934, 46.872943053538961 ], [ 0.33360933569183, 46.872307193456962 ], [ 0.334239538109095, 46.872101073659429 ], [ 0.335330412720235, 46.872437139890188 ], [ 0.336153549935688, 46.872875105672314 ], [ 0.336987640755266, 46.873304309773722 ], [ 0.337842693641525, 46.873815072001889 ], [ 0.338529873863932, 46.874186813154786 ], [ 0.339318311577556, 46.874583412729315 ], [ 0.340056395945831, 46.87509595796508 ], [ 0.340947930559861, 46.875801228619963 ], [ 0.341182106803559, 46.875928257339105 ], [ 0.3417378478592, 46.876382525773295 ], [ 0.342175311563493, 46.876757485263511 ], [ 0.342998037607889, 46.877393583477811 ], [ 0.344217114763793, 46.878011793844983 ], [ 0.344981854996898, 46.878304203841068 ], [ 0.345138451003567, 46.878325833193927 ], [ 0.346664529249258, 46.878739389382595 ], [ 0.347299656293462, 46.878862132858238 ], [ 0.348052435224761, 46.879050644862048 ], [ 0.349269418525051, 46.87906966599909 ], [ 0.350284816371719, 46.878858814438445 ], [ 0.351232449346164, 46.878502254164701 ], [ 0.352544520908442, 46.87794686649351 ], [ 0.353207571690824, 46.877579240682074 ], [ 0.353822270757551, 46.877233021674435 ], [ 0.354783272275668, 46.876574946293225 ], [ 0.355659192428169, 46.875829325349748 ], [ 0.356222483301239, 46.875378312181674 ], [ 0.356420445735116, 46.875252231528073 ], [ 0.35662389435664, 46.875040693127872 ], [ 0.357444385193954, 46.874514501558707 ], [ 0.358227908811234, 46.873937907716709 ], [ 0.358664981822805, 46.873407411737176 ], [ 0.359034250936741, 46.872866349712417 ], [ 0.359337908124962, 46.872296754983523 ], [ 0.35959037493482, 46.871780037854023 ], [ 0.359893800740239, 46.871214940838712 ], [ 0.360012198753547, 46.870699651870858 ], [ 0.359747442069557, 46.870229626607959 ], [ 0.359054742609278, 46.869619154430652 ], [ 0.358426534926846, 46.869194838004759 ], [ 0.357764689490647, 46.868625604963199 ], [ 0.357161854810771, 46.868273933893036 ], [ 0.356490787525283, 46.867974745028221 ], [ 0.35622229502691, 46.867770384103167 ], [ 0.355583887465485, 46.867206180172268 ], [ 0.355077983074813, 46.86589278203823 ], [ 0.355035374732399, 46.864909842405844 ], [ 0.35532767815276, 46.863389566243093 ], [ 0.355029886921906, 46.860720616150573 ], [ 0.355799906976966, 46.859206812670529 ], [ 0.356496604058667, 46.857848974365353 ], [ 0.356964305711741, 46.857711072499548 ], [ 0.357714678824579, 46.857701279145488 ], [ 0.358732384967748, 46.858026439341877 ], [ 0.359564890089791, 46.858486977252774 ], [ 0.361000020709525, 46.858763137058375 ], [ 0.361736005783782, 46.858536775946163 ], [ 0.362922864102948, 46.857951383142918 ], [ 0.363844911782617, 46.857517566141333 ], [ 0.364884992511738, 46.857302656196367 ], [ 0.365787764696968, 46.857021532191794 ], [ 0.366722892776591, 46.856560965996685 ], [ 0.367322845734908, 46.85591705285745 ], [ 0.367627636943871, 46.855158279118974 ], [ 0.367592458503134, 46.854288126087269 ], [ 0.367989496571434, 46.853468400252083 ], [ 0.368639027790404, 46.852640934732236 ], [ 0.369242851756481, 46.852321417370831 ], [ 0.370156229169565, 46.851981946504615 ], [ 0.371060631727433, 46.851637759158855 ], [ 0.371650876616255, 46.851326928165577 ], [ 0.372436558200307, 46.851074610432271 ], [ 0.373856859280191, 46.850787226379062 ], [ 0.374690842097427, 46.85059455314741 ], [ 0.375343379620904, 46.850460796300311 ], [ 0.375927260884285, 46.850253399807002 ], [ 0.376882284606267, 46.849703120951361 ], [ 0.377786544261195, 46.848980510991851 ], [ 0.378590235620772, 46.848327673014786 ], [ 0.378993266685779, 46.847949478658649 ], [ 0.379428853833577, 46.847522476360197 ], [ 0.380232486801452, 46.846788547411983 ], [ 0.380567905393842, 46.846206111091362 ], [ 0.38113871280319, 46.845507414272433 ], [ 0.381508014970095, 46.84501132998043 ], [ 0.382045541864283, 46.844185748819719 ], [ 0.382866139393554, 46.843452188807071 ], [ 0.383319136799212, 46.842989533824294 ], [ 0.384339965812166, 46.842431684680172 ], [ 0.385126070501259, 46.8420306491536 ], [ 0.385660397179395, 46.841731991741376 ], [ 0.386212175208903, 46.841343640962322 ], [ 0.38720077210177, 46.840663417054309 ], [ 0.388019765797725, 46.840069421564209 ], [ 0.388890823861355, 46.839647768587803 ], [ 0.389441731077866, 46.839385505777003 ], [ 0.390177323461697, 46.839131935155393 ], [ 0.391044731663396, 46.838948915302183 ], [ 0.392265501624857, 46.838652282473774 ], [ 0.393251652261722, 46.838156632510298 ], [ 0.394055492431047, 46.837629818096858 ], [ 0.394607397765543, 46.837263953651629 ], [ 0.395422527977092, 46.836638289865483 ], [ 0.395946227060402, 46.836285293725986 ], [ 0.39674871584474, 46.835785457036309 ], [ 0.397317904185726, 46.835523571742982 ], [ 0.398371447101992, 46.834961839328777 ], [ 0.398873653083395, 46.834536274580252 ], [ 0.399661171507131, 46.833936984064913 ], [ 0.400212722958709, 46.833467485805052 ], [ 0.400597471900802, 46.832917641280041 ], [ 0.401134301003816, 46.832344205896732 ], [ 0.401452689082331, 46.831946007429345 ], [ 0.401755272256479, 46.831439346481133 ], [ 0.402090015749437, 46.831000976629582 ], [ 0.402497981983026, 46.830595790130232 ], [ 0.40325950786778, 46.829824723890191 ], [ 0.403969672905424, 46.829412842212776 ], [ 0.404753323773253, 46.829110719195903 ], [ 0.405685323896576, 46.828780407058517 ], [ 0.406454673873295, 46.828365341374472 ], [ 0.406985663485721, 46.828652080177775 ], [ 0.407827404226638, 46.828945820856099 ], [ 0.408605512825629, 46.829170556156392 ], [ 0.409605175761538, 46.829346224253761 ], [ 0.411090048889812, 46.82933912005246 ], [ 0.412542484992817, 46.829214154054334 ], [ 0.413194219799879, 46.829062154316439 ], [ 0.413561732084351, 46.829007359188864 ], [ 0.414730183532692, 46.828754361816053 ], [ 0.415432589329717, 46.828585471325113 ], [ 0.416649416302873, 46.828446150347773 ], [ 0.4175838900509, 46.828530197877903 ], [ 0.418401656530271, 46.828832330286474 ], [ 0.419035199773059, 46.829116809564376 ], [ 0.419684105871513, 46.829464690452923 ], [ 0.420250380330607, 46.830004400044857 ], [ 0.420699008266836, 46.830451381688746 ], [ 0.421263876978349, 46.831324374065133 ], [ 0.421412141202341, 46.831877225534171 ], [ 0.421610608033532, 46.832588853324253 ], [ 0.421958808514625, 46.833105646749374 ], [ 0.422640617123654, 46.833729009940356 ], [ 0.423540564751661, 46.833933849562399 ], [ 0.424758597351235, 46.834019683458841 ], [ 0.425570930511247, 46.834024355514501 ], [ 0.42691480624905, 46.833865246090994 ], [ 0.428065001095413, 46.833665755942853 ], [ 0.428932774519979, 46.833414898634089 ], [ 0.429767849076505, 46.833244381728463 ], [ 0.430615146682386, 46.83306512331766 ], [ 0.431402947329792, 46.8330331720571 ], [ 0.432271358961547, 46.83334984617251 ], [ 0.432770423323109, 46.833649261606581 ], [ 0.433186828585435, 46.834086463324795 ], [ 0.433534903667215, 46.834580694545117 ], [ 0.433518223593881, 46.835071290593312 ], [ 0.433365803801935, 46.835545344861416 ], [ 0.433012841120407, 46.836096000895751 ], [ 0.43271111945361, 46.836922561587372 ], [ 0.432475162597904, 46.837552400515818 ], [ 0.432389466347183, 46.838280183285676 ], [ 0.432521463438963, 46.839012825027893 ], [ 0.432685845848778, 46.839588538986 ], [ 0.432868016073381, 46.840232213859608 ], [ 0.433065693781628, 46.841047397261057 ], [ 0.43354735067535, 46.841715770149662 ], [ 0.434163825899362, 46.842337600609554 ], [ 0.434596260444211, 46.842770647686258 ], [ 0.435427816986924, 46.843370241113256 ], [ 0.436229103570857, 46.843694392382382 ], [ 0.43677608605692, 46.844287632949467 ], [ 0.437300085118639, 46.844673161859021 ], [ 0.437877405831113, 46.845041858609981 ], [ 0.438628001822864, 46.845522512781294 ], [ 0.439260179543475, 46.845869902074718 ], [ 0.439960355779788, 46.846223305096203 ], [ 0.440810914861389, 46.846562031879103 ], [ 0.441726925478618, 46.846960763003082 ], [ 0.442594521549617, 46.847272829292514 ], [ 0.443478541633277, 46.847598766538695 ], [ 0.444579615973501, 46.847749347649959 ], [ 0.44566389561278, 46.847922066495663 ], [ 0.446048457582231, 46.84795312517717 ], [ 0.446615069371401, 46.848105333701362 ], [ 0.447378392907914, 46.848234878438447 ], [ 0.448145349630741, 46.84845458365065 ], [ 0.44932075503664, 46.848588750343524 ], [ 0.450151743900835, 46.848787340202293 ], [ 0.451269741986394, 46.84896976110246 ], [ 0.452120755235431, 46.849245352169838 ], [ 0.452671955323075, 46.849307103998342 ], [ 0.453238004741505, 46.849779067796128 ], [ 0.45348634317952, 46.850106683042064 ], [ 0.453494794545727, 46.850117885240337 ], [ 0.453637200484049, 46.850306296392041 ], [ 0.453637574953987, 46.85030671006124 ], [ 0.453673019013252, 46.850398175518443 ], [ 0.453985041645322, 46.851205427958796 ], [ 0.454037440237781, 46.851606863060226 ], [ 0.454053557296925, 46.851731102155355 ], [ 0.454083345945327, 46.851960531480557 ], [ 0.454117279901092, 46.852235860581963 ], [ 0.454156859278004, 46.852555158725025 ], [ 0.454206757667686, 46.852960160216846 ], [ 0.454213713618197, 46.853016866701118 ], [ 0.454214062727233, 46.853017820314662 ], [ 0.454293411331932, 46.853139974111748 ], [ 0.454379723424198, 46.85327322719187 ], [ 0.454579922386246, 46.853581691994812 ], [ 0.45458001688755, 46.853581779840617 ], [ 0.45458102687229, 46.853583337955193 ], [ 0.455062928207268, 46.854030908156538 ], [ 0.455847300840422, 46.854133834389643 ], [ 0.456431444295573, 46.85438997719757 ], [ 0.45719159224159, 46.85473665922585 ], [ 0.457207707742919, 46.854744050610599 ], [ 0.457281753301764, 46.854777982211047 ], [ 0.457281746963191, 46.854778117197775 ], [ 0.457914109492827, 46.85536408108436 ], [ 0.457914096818698, 46.855364351057872 ], [ 0.457930032145898, 46.855402538597637 ], [ 0.457944913148454, 46.85543807635726 ], [ 0.458163154218213, 46.855964185471549 ], [ 0.458528241935409, 46.856607345101615 ], [ 0.458638415875717, 46.856765427524252 ], [ 0.458639343216292, 46.856766771031097 ], [ 0.458895070779949, 46.857135233651711 ], [ 0.459611300445207, 46.857538455924569 ], [ 0.460862441548194, 46.858078605011379 ], [ 0.460992832741687, 46.858148919258028 ], [ 0.461395153497597, 46.858368718893331 ], [ 0.461902036447267, 46.858626351075934 ], [ 0.461904000223723, 46.858627359830024 ], [ 0.461979406870377, 46.858666047634742 ], [ 0.462051679221157, 46.858709616645974 ], [ 0.462779423437673, 46.859151452137723 ], [ 0.463213593852337, 46.85944052770347 ], [ 0.463215232373617, 46.859441627514869 ], [ 0.463233942246322, 46.859454336458967 ], [ 0.463346626866896, 46.859529923799975 ], [ 0.463468479952811, 46.859643620084555 ], [ 0.463763801539913, 46.8599208507108 ], [ 0.464071100024161, 46.860274744009367 ], [ 0.464162545609154, 46.860380149043451 ], [ 0.464526794375482, 46.860788148579111 ], [ 0.464562377509371, 46.860827578652682 ], [ 0.464562364867101, 46.860827848626514 ], [ 0.464688245449787, 46.861029566125048 ], [ 0.464927037656209, 46.861414853160362 ], [ 0.464909395720181, 46.862183973413742 ], [ 0.464674140590897, 46.862849771440565 ], [ 0.464374769200871, 46.863243554426646 ], [ 0.464179120864926, 46.863500577454424 ], [ 0.464176693177893, 46.863503770220248 ], [ 0.464070110588415, 46.863643571110416 ], [ 0.463299627091769, 46.864446355823965 ], [ 0.463041466243251, 46.865128558053243 ], [ 0.462981597289915, 46.865285550248913 ], [ 0.46289672577444, 46.865835399155038 ], [ 0.462906592980099, 46.866104112200688 ], [ 0.462908655703218, 46.866158305031625 ], [ 0.462927173867148, 46.866676734701038 ], [ 0.463041638569135, 46.867188821913388 ], [ 0.463060245627137, 46.867273366827945 ], [ 0.463060620286372, 46.86727378046448 ], [ 0.463060631751018, 46.867273791830883 ], [ 0.46306073043516, 46.867274233315293 ], [ 0.463232763540727, 46.867443959255716 ], [ 0.463559591227997, 46.867767583194912 ], [ 0.463821996714287, 46.868045779757821 ], [ 0.463822377708504, 46.868046058405184 ], [ 0.463992807476704, 46.868226828807693 ], [ 0.46469246365402, 46.868928952780777 ], [ 0.464977159331631, 46.869143722841478 ], [ 0.465226086507225, 46.869331354875136 ], [ 0.465384914653856, 46.869450600309719 ], [ 0.46597604092123, 46.869896839664932 ], [ 0.466300377291639, 46.870196569990128 ], [ 0.466300379662935, 46.870196572199852 ], [ 0.466409522298028, 46.870297886771276 ], [ 0.466529794833845, 46.870422417582148 ], [ 0.466534756177852, 46.870427536749695 ], [ 0.466941529781781, 46.870850459338669 ], [ 0.467367896967624, 46.871345957921235 ], [ 0.46739051942131, 46.871372375676657 ], [ 0.467542239696616, 46.87154921522508 ], [ 0.467756925371342, 46.871786895062137 ], [ 0.467757674824021, 46.871787722303672 ], [ 0.467811052277328, 46.871846794917374 ], [ 0.468208867098664, 46.872288153426659 ], [ 0.468275157250918, 46.872375193864016 ], [ 0.468573991634089, 46.872769663896918 ], [ 0.469074098640564, 46.873308731756694 ], [ 0.469512390975283, 46.873813062254598 ], [ 0.470073214462925, 46.874394132689162 ], [ 0.470090891375912, 46.874412222627797 ], [ 0.470095026379747, 46.874416502395711 ], [ 0.470342369494578, 46.874891904322709 ], [ 0.470356124924605, 46.874918015552964 ], [ 0.470451806262458, 46.875088484369357 ], [ 0.47046457025339, 46.875111288411105 ], [ 0.470754685965848, 46.875632172772427 ], [ 0.470804134247067, 46.876172395792764 ], [ 0.470803886701746, 46.876173304476147 ], [ 0.470685712931237, 46.876779312082569 ], [ 0.470333475566995, 46.877401255682315 ], [ 0.470179762743272, 46.877730285788239 ], [ 0.470082096865411, 46.877939475262373 ], [ 0.470078272043331, 46.877953849602974 ], [ 0.470007347786589, 46.878231729833814 ], [ 0.469905227900459, 46.878628915576982 ], [ 0.46989695087605, 46.878662650088849 ], [ 0.469896538226275, 46.878663046395047 ], [ 0.46989198876698, 46.878760371682091 ], [ 0.469861711838876, 46.879391385091381 ], [ 0.469861485374011, 46.879396050865623 ], [ 0.469861487777818, 46.879396054780358 ], [ 0.469861386493727, 46.87939816565094 ], [ 0.4701032684249, 46.879789796150511 ], [ 0.470343719552936, 46.8801813661658 ], [ 0.470976760181674, 46.880663708516188 ], [ 0.471897558633435, 46.88108930829641 ], [ 0.472541178401261, 46.881486294561881 ], [ 0.473193678959203, 46.881946530189047 ], [ 0.473620946588238, 46.882252814108121 ], [ 0.474113227459658, 46.88260805680175 ], [ 0.474238874768678, 46.882702833473303 ], [ 0.474647055155325, 46.883010413666241 ], [ 0.474755501905355, 46.883093732187604 ], [ 0.474774139647611, 46.883108002042725 ], [ 0.475097277142665, 46.883357560004498 ], [ 0.475459699989634, 46.883656387808919 ], [ 0.475473290608953, 46.88366767452014 ], [ 0.475663791806068, 46.883825623586198 ], [ 0.475897532704266, 46.884003032390794 ], [ 0.476138498501173, 46.88418613917402 ], [ 0.476347478822158, 46.884345167723524 ], [ 0.476444748142292, 46.884431617611149 ], [ 0.476671804589852, 46.884634146484544 ], [ 0.476691489216509, 46.884651629724544 ], [ 0.476797055603331, 46.88474607225011 ], [ 0.477079759041361, 46.885333303316955 ], [ 0.477194763189409, 46.885526023121379 ], [ 0.477279122708296, 46.885667781134423 ], [ 0.477346379461132, 46.885780867675031 ], [ 0.477457323958686, 46.886005308098106 ], [ 0.477457311374842, 46.886005578071426 ], [ 0.477562872358467, 46.886218685073153 ], [ 0.478079863990099, 46.886712945413713 ], [ 0.478596205716746, 46.887195973598288 ], [ 0.478661266035773, 46.887285388120134 ], [ 0.479046576115375, 46.887817633678615 ], [ 0.479445537140862, 46.888528662795601 ], [ 0.479451151604529, 46.888677954624924 ], [ 0.479454932189175, 46.888774516137701 ], [ 0.479462518547994, 46.888967099208166 ], [ 0.479466108732471, 46.889057118868415 ], [ 0.479476690693692, 46.889331434272904 ], [ 0.479241468745764, 46.889952360627746 ], [ 0.479023052134919, 46.890663737285578 ], [ 0.478988368635959, 46.890928722258955 ], [ 0.478921523267202, 46.891125035077572 ], [ 0.478860011782437, 46.891213050890975 ], [ 0.478796694672537, 46.891302873375345 ], [ 0.478485927614629, 46.89174549163797 ], [ 0.478387518696282, 46.892427605676573 ], [ 0.478350293087234, 46.892685012831798 ], [ 0.478350274101962, 46.892685420234436 ], [ 0.477881298758857, 46.893282665094787 ], [ 0.4777386152562, 46.893488474158445 ], [ 0.477512417423362, 46.893812919728454 ], [ 0.477370882478779, 46.894354234582494 ], [ 0.477369473879153, 46.89435967241554 ], [ 0.47732676005186, 46.894522668678505 ], [ 0.477317869471914, 46.894614040548483 ], [ 0.477293002545548, 46.89485775777333 ], [ 0.476991934523329, 46.895167757676766 ], [ 0.476991534387972, 46.895167884033953 ], [ 0.476890464619371, 46.895213233255433 ], [ 0.4765006356253, 46.895388263927153 ], [ 0.476438943541774, 46.895415877235877 ], [ 0.476406052658756, 46.895430572847573 ], [ 0.476400859905545, 46.895432792379879 ], [ 0.475710756096012, 46.895725893810521 ], [ 0.475172561281793, 46.89607893027123 ], [ 0.473976419828876, 46.89653464136741 ], [ 0.472728377671531, 46.896863085345068 ], [ 0.471991598400508, 46.897162203530534 ], [ 0.471573317291547, 46.897310665492164 ], [ 0.471172891141563, 46.897414476599124 ], [ 0.470827592400106, 46.897526365028639 ], [ 0.47000188048065, 46.897792282261705 ], [ 0.469906735517584, 46.897887751775905 ], [ 0.469699050201979, 46.898096550171111 ], [ 0.469532338024607, 46.898263819466479 ], [ 0.469532656129823, 46.898265447950052 ], [ 0.469532660748408, 46.898265473597249 ], [ 0.469532378846383, 46.898265757150263 ], [ 0.469632910141032, 46.898822435692885 ], [ 0.469652503276201, 46.898931677543722 ], [ 0.46969618454428, 46.899169510441396 ], [ 0.469710068012913, 46.899243593421396 ], [ 0.469773882186549, 46.89959050863073 ], [ 0.469789947371894, 46.899633814484588 ], [ 0.470078587945178, 46.900412723546168 ], [ 0.470327685897473, 46.901044271524256 ], [ 0.470307610807313, 46.901310619816826 ], [ 0.470299881593978, 46.901411243950328 ], [ 0.470279121873712, 46.901686576644316 ], [ 0.470257450117027, 46.901888651920039 ], [ 0.470201751927939, 46.902405224693766 ], [ 0.470015130049592, 46.903057018382633 ], [ 0.470005680289415, 46.903090456734461 ], [ 0.469950095025135, 46.903275707120081 ], [ 0.469950076087171, 46.903276112076831 ], [ 0.469904233231119, 46.90343009250882 ], [ 0.469870129608329, 46.903544241087509 ], [ 0.469803507701984, 46.903766574159825 ], [ 0.469803324002971, 46.903766632146187 ], [ 0.469726602503316, 46.903788323118647 ], [ 0.469658645499852, 46.903807543088341 ], [ 0.468749912330529, 46.90406341418467 ], [ 0.468512578485387, 46.904000386834916 ], [ 0.468504292168529, 46.903998065520419 ], [ 0.468065428897079, 46.903880048665989 ], [ 0.467619580692039, 46.903793360484734 ], [ 0.467179979467321, 46.903708024046715 ], [ 0.46647899841542, 46.903579642029968 ], [ 0.4663067631237, 46.903552746793771 ], [ 0.465874609527771, 46.903485270429449 ], [ 0.465854929181053, 46.903482204932509 ], [ 0.465158606029875, 46.903371863808083 ], [ 0.46372169524927, 46.903590546918032 ], [ 0.46350427064797, 46.903623346221224 ], [ 0.46337843398087, 46.903666517112811 ], [ 0.462534043649876, 46.903956135711091 ], [ 0.461731212920422, 46.904368276427938 ], [ 0.461524033693455, 46.904556668261698 ], [ 0.461262075102962, 46.904794794265456 ], [ 0.460899926379104, 46.905117596141466 ], [ 0.460709384916728, 46.905287435931669 ], [ 0.460437803896282, 46.905402789927713 ], [ 0.460437403646605, 46.905402916226997 ], [ 0.459438004929771, 46.905826787052767 ], [ 0.459372505990993, 46.905850746934412 ], [ 0.458652691397755, 46.906111150309655 ], [ 0.458083480456065, 46.906364334712627 ], [ 0.457958807826809, 46.906423484929313 ], [ 0.457112348725089, 46.906823627040303 ], [ 0.45653396723391, 46.907096569694339 ], [ 0.456407161811642, 46.90715609231858 ], [ 0.455584079820545, 46.90741266635073 ], [ 0.455581346627519, 46.907412737952555 ], [ 0.455563682465689, 46.907413161621328 ], [ 0.454838114492439, 46.907429695748952 ], [ 0.454245641056201, 46.907299448691418 ], [ 0.454053227106797, 46.907257090416778 ], [ 0.453691304937915, 46.90716328540055 ], [ 0.453441976283326, 46.907098588319293 ], [ 0.453381782225816, 46.907078880423882 ], [ 0.452779894909327, 46.906880719857874 ], [ 0.452567017234539, 46.906790366565318 ], [ 0.452185150792571, 46.906625871432439 ], [ 0.451682757442157, 46.906466551448787 ], [ 0.451680713556127, 46.906465893906663 ], [ 0.451315193039308, 46.906348219554687 ], [ 0.449962447857595, 46.906283496395723 ], [ 0.4498106802859, 46.906276045950975 ], [ 0.4496656695833, 46.906295976821944 ], [ 0.449634459296389, 46.906300204993855 ], [ 0.449288385346954, 46.906347267019704 ], [ 0.448540679574107, 46.906448805269655 ], [ 0.447905048039123, 46.906665516663715 ], [ 0.447664524185329, 46.906764517466179 ], [ 0.447152833093146, 46.906973868114775 ], [ 0.446398937028712, 46.907434598978149 ], [ 0.446332789946153, 46.907491768489116 ], [ 0.446318911733458, 46.90750367546341 ], [ 0.446057102577956, 46.907728529510081 ], [ 0.445946547446925, 46.90782336832568 ], [ 0.445553822923771, 46.908006266973423 ], [ 0.445059892111911, 46.908236240182156 ], [ 0.444438872253885, 46.908334887333574 ], [ 0.444433115378051, 46.908335802625345 ], [ 0.444123439472378, 46.908384055393675 ], [ 0.443730267440904, 46.90837216681745 ], [ 0.443716664978024, 46.90837169516039 ], [ 0.44371193779445, 46.908371590246325 ], [ 0.443003992874281, 46.908348579299847 ], [ 0.442479195904036, 46.908263554447764 ], [ 0.44245404650508, 46.908259495642639 ], [ 0.442152071661636, 46.908209672009221 ], [ 0.441334145736108, 46.90796629567803 ], [ 0.441008660845004, 46.907885824776301 ], [ 0.440997894627406, 46.907883110077066 ], [ 0.440994775130749, 46.907882365141027 ], [ 0.440693151030553, 46.907806343902791 ], [ 0.440011252467905, 46.90765021724193 ], [ 0.439507776538647, 46.907533844374932 ], [ 0.439179039457615, 46.907470489331828 ], [ 0.439175488350456, 46.907469794156682 ], [ 0.438478053548224, 46.907333347949439 ], [ 0.438051453586207, 46.907323454322579 ], [ 0.437930623577822, 46.907320766586842 ], [ 0.437425874381181, 46.907307375590115 ], [ 0.436998631148417, 46.907335505253222 ], [ 0.436505998669862, 46.907365954395488 ], [ 0.436114742589007, 46.907517234740219 ], [ 0.435903850265237, 46.907598750412284 ], [ 0.435889822177906, 46.907604176156106 ], [ 0.435351451151844, 46.907810715694836 ], [ 0.435183004440507, 46.908397014932525 ], [ 0.435183731556125, 46.908398313212537 ], [ 0.435183692013583, 46.908399147214112 ], [ 0.435207313540943, 46.908441562262276 ], [ 0.435442902967305, 46.908862320320011 ], [ 0.435716341362901, 46.909125282582693 ], [ 0.435938109852681, 46.909338583715723 ], [ 0.436168578824232, 46.909656622771834 ], [ 0.436698811254302, 46.91039008348119 ], [ 0.436827325569857, 46.910490905925045 ], [ 0.436837464038909, 46.910498927413094 ], [ 0.436841556469143, 46.910502070361254 ], [ 0.436854505198181, 46.910512228902853 ], [ 0.437136627748141, 46.910735298015176 ], [ 0.437396793505493, 46.911062089494528 ], [ 0.437652082945006, 46.911384198791623 ], [ 0.438097048425798, 46.912092245579338 ], [ 0.438496106895219, 46.912492984679211 ], [ 0.439080086337147, 46.912875312629609 ], [ 0.439383579425594, 46.913055989998711 ], [ 0.439385789936994, 46.913057321471378 ], [ 0.43961433803028, 46.913194689634771 ], [ 0.440348236365447, 46.913562326188064 ], [ 0.440724807015624, 46.913713681642122 ], [ 0.441182316484357, 46.913899437843874 ], [ 0.442001328633512, 46.914232920543284 ], [ 0.442906327919889, 46.914921690950045 ], [ 0.442935158649843, 46.914943738436854 ], [ 0.44333585329468, 46.915194236226625 ], [ 0.444002773028689, 46.915611574024197 ], [ 0.444390912585051, 46.915835845270983 ], [ 0.444391300193588, 46.915835988995134 ], [ 0.444663487749839, 46.915993502379671 ], [ 0.444735157330706, 46.916034907808765 ], [ 0.444819225746268, 46.916083617161519 ], [ 0.445286641045816, 46.916485834781717 ], [ 0.445299319865588, 46.916501622215868 ], [ 0.445319816274713, 46.916526939770087 ], [ 0.445626165604218, 46.916904921626177 ], [ 0.445878555245239, 46.917231304556047 ], [ 0.445885272533197, 46.917239970532137 ], [ 0.446120118985753, 46.917544790129405 ], [ 0.446731269262761, 46.91832854932138 ], [ 0.447037808451572, 46.918632954047631 ], [ 0.447046484274504, 46.918641683126417 ], [ 0.447125200104265, 46.9187204486756 ], [ 0.447288070232436, 46.918933000965588 ], [ 0.447702599901785, 46.919476113672246 ], [ 0.447984917182781, 46.92004088377935 ], [ 0.448284328629274, 46.920466402675139 ], [ 0.448700705368386, 46.921088189676695 ], [ 0.449165900929805, 46.921706551592983 ], [ 0.44971673382963, 46.922349327734743 ], [ 0.45024998137166, 46.923225927526651 ], [ 0.450514967608999, 46.923880389234675 ], [ 0.450865345268054, 46.924397110772155 ], [ 0.451066290536648, 46.924696212513524 ], [ 0.451072128260552, 46.924704949938857 ], [ 0.451264838699333, 46.924993379771614 ], [ 0.451664391401144, 46.92548812495793 ], [ 0.452032128863035, 46.925946627261546 ], [ 0.452264255186299, 46.926235926744837 ], [ 0.452400024571061, 46.926427021825106 ], [ 0.452495455214641, 46.926561688756003 ], [ 0.452515162631052, 46.926589402961525 ], [ 0.452713268514777, 46.926870218687739 ], [ 0.453073382126675, 46.927325509459116 ], [ 0.45309339063387, 46.927350925968653 ], [ 0.45313024856127, 46.927397547793291 ], [ 0.453663821794736, 46.927937135705626 ], [ 0.454027677280296, 46.928361493496773 ], [ 0.454146963629958, 46.928500739649479 ], [ 0.454185450336545, 46.928537938383322 ], [ 0.454228103033338, 46.928579246790399 ], [ 0.454764797731288, 46.929100061636262 ], [ 0.4553375346063, 46.929681755343296 ], [ 0.455431317940402, 46.929777250514682 ], [ 0.45549960482636, 46.929848013951627 ], [ 0.455798526637182, 46.930158841660671 ], [ 0.456031059282113, 46.930582859871556 ], [ 0.456149375682822, 46.93094211463081 ], [ 0.456161423201394, 46.9309788133545 ], [ 0.456245963002286, 46.931236334042381 ], [ 0.456246035684349, 46.931236501171853 ], [ 0.455995337952225, 46.931614682388435 ], [ 0.455980547073063, 46.931636927226847 ], [ 0.455910496376164, 46.93174226364836 ], [ 0.45591049531745, 46.931742286150147 ], [ 0.455224892644867, 46.931785678460443 ], [ 0.454090931928416, 46.93173810974961 ], [ 0.452813663712436, 46.931906336192682 ], [ 0.452806182647323, 46.931907313814747 ], [ 0.452744257168841, 46.931915403617822 ], [ 0.452744253682999, 46.93191547761306 ], [ 0.452743856727222, 46.931915529892606 ], [ 0.452717409614183, 46.931926642157727 ], [ 0.45271045286674, 46.93192951999567 ], [ 0.451846447580621, 46.932289845636333 ], [ 0.451552523168717, 46.93251602934486 ], [ 0.451293412775234, 46.932715011670098 ], [ 0.450908012149784, 46.933174286466219 ], [ 0.450752664444044, 46.933365616577206 ], [ 0.450570122115372, 46.933588038405318 ], [ 0.450465222081717, 46.934356684668792 ], [ 0.450447258037965, 46.93448682300442 ], [ 0.450447232578089, 46.934487362937418 ], [ 0.450442321340289, 46.934549681599108 ], [ 0.450427981648075, 46.93473873039158 ], [ 0.450400517329728, 46.935093171539201 ], [ 0.450614816329036, 46.936070805533724 ], [ 0.450764031741331, 46.936427329424511 ], [ 0.450848400868652, 46.936631197125962 ], [ 0.451029960551325, 46.936898591751778 ], [ 0.451231141571896, 46.937196958856596 ], [ 0.451447902818333, 46.937620636728084 ], [ 0.452012815299089, 46.938610523805089 ], [ 0.452380382851199, 46.939127616067289 ], [ 0.452576190854333, 46.939316193395101 ], [ 0.452735527505939, 46.939470257846523 ], [ 0.452797059989432, 46.939529315686102 ], [ 0.453003884255462, 46.939757033553093 ], [ 0.45329694038835, 46.940080227127623 ], [ 0.453780534509534, 46.940703472786069 ], [ 0.454064888623353, 46.941114202072733 ], [ 0.454113142636218, 46.941184338729229 ], [ 0.454136085018766, 46.941221709842722 ], [ 0.454379131948743, 46.941622023967462 ], [ 0.454883427664229, 46.942245724712357 ], [ 0.454886863105802, 46.942249986052865 ], [ 0.455046809876491, 46.942448230946169 ], [ 0.455592901066712, 46.943085909548429 ], [ 0.455631844783403, 46.943131298284307 ], [ 0.455746008999235, 46.943264679688475 ], [ 0.455799524763348, 46.943343101976211 ], [ 0.45581564644105, 46.943366883837527 ], [ 0.456263329453243, 46.944024951991722 ], [ 0.456344116583766, 46.944345896278705 ], [ 0.456349989569693, 46.944368875096565 ], [ 0.456379100962469, 46.944485755304576 ], [ 0.457146348386865, 46.945232350637852 ], [ 0.457212269526517, 46.945368928211259 ], [ 0.457212553134952, 46.945369189025797 ], [ 0.457213002883811, 46.945370115455461 ], [ 0.457376804466887, 46.945520337705894 ], [ 0.457385502937902, 46.945528366738628 ], [ 0.457402880671164, 46.945544219114289 ], [ 0.457463176747865, 46.945599668631026 ], [ 0.457510110861354, 46.945653127002316 ], [ 0.457813142344698, 46.946000866707799 ], [ 0.457984448192505, 46.946125850340998 ], [ 0.458112556150688, 46.946219286995721 ], [ 0.458381023940345, 46.946417138306266 ], [ 0.459017815685057, 46.946777994133789 ], [ 0.459302504488321, 46.94701862999306 ], [ 0.459340673067727, 46.947051078281731 ], [ 0.4593505483813, 46.947059268213629 ], [ 0.459438968681066, 46.947134318705103 ], [ 0.459832251107762, 46.947817925892814 ], [ 0.460231677295698, 46.948589361543085 ], [ 0.460309846272582, 46.948622297262759 ], [ 0.460365187133492, 46.948645541610297 ], [ 0.460399744987553, 46.948640762958391 ], [ 0.460412686945239, 46.948638942366046 ], [ 0.460766325078843, 46.948591141434633 ], [ 0.461401645923002, 46.948451995876248 ], [ 0.462072443828069, 46.948313628014184 ], [ 0.462327026106443, 46.948255385957822 ], [ 0.462350222080511, 46.948250110422642 ], [ 0.46257121457461, 46.948199710201578 ], [ 0.4635277652451, 46.947981866135095 ], [ 0.464303120987263, 46.947739895101343 ], [ 0.464849793181717, 46.947569233902236 ], [ 0.465215460508263, 46.947496742649356 ], [ 0.465887446032054, 46.947363423725662 ], [ 0.466422449632739, 46.947306812484221 ], [ 0.467058498664129, 46.947249716839828 ], [ 0.467584192900995, 46.947310807980493 ], [ 0.46759368981498, 46.947311948728569 ], [ 0.467595418923844, 46.947312185335996 ], [ 0.467602942602784, 46.947313060152382 ], [ 0.468160632308428, 46.947380047107053 ], [ 0.468893855683612, 46.947585564084626 ], [ 0.469052072100292, 46.94763050371207 ], [ 0.469381946531235, 46.947723954584653 ], [ 0.469982969489635, 46.947943074806901 ], [ 0.469983751620786, 46.947943227096509 ], [ 0.470186634758293, 46.94804348184757 ], [ 0.470198852415902, 46.948049512195212 ], [ 0.470751237314202, 46.948324225102802 ], [ 0.471371695381762, 46.948814506412511 ], [ 0.471378407197962, 46.948819831269226 ], [ 0.471402372376711, 46.94883900386624 ], [ 0.471518657013541, 46.948916479641468 ], [ 0.471903294997669, 46.94917374430144 ], [ 0.472232875952907, 46.949340242542291 ], [ 0.472788825649852, 46.949621905226593 ], [ 0.472901914197361, 46.94965938119784 ], [ 0.473691248687316, 46.949920038230914 ], [ 0.473691495206574, 46.949920043633689 ], [ 0.473691640846086, 46.949920091868968 ], [ 0.47389813512383, 46.949956963758396 ], [ 0.474410200496584, 46.950048619660912 ], [ 0.475601075593608, 46.950187262153179 ], [ 0.475653802063919, 46.950194255505473 ], [ 0.475659622200931, 46.950195042449316 ], [ 0.47567010282011, 46.950196475752861 ], [ 0.47568045585851, 46.950197859376992 ], [ 0.476674319371107, 46.950332235351503 ], [ 0.47721182889743, 46.950490197991982 ], [ 0.477242832177684, 46.950499393404023 ], [ 0.477285269315626, 46.950511807504114 ], [ 0.477436295897857, 46.950556730142239 ], [ 0.478238136732582, 46.950947616130492 ], [ 0.478319075027598, 46.951039918380573 ], [ 0.478454765497088, 46.951193682590556 ], [ 0.478621924080625, 46.95138353683658 ], [ 0.478778854577472, 46.95156424906218 ], [ 0.479022313242259, 46.951844411305672 ], [ 0.47927031665458, 46.952128725988224 ], [ 0.479301166741446, 46.952164014116519 ], [ 0.479472435428031, 46.952361726471892 ], [ 0.479922722306061, 46.95277693624702 ], [ 0.48049193803045, 46.95329383261906 ], [ 0.480609051171439, 46.953384718949927 ], [ 0.480609250499689, 46.953384901186638 ], [ 0.480975180611059, 46.953671248428265 ], [ 0.481330085344824, 46.953940193074466 ], [ 0.481631244060517, 46.954168371818149 ], [ 0.48180660307297, 46.954301243564018 ], [ 0.481808142429787, 46.95430208791889 ], [ 0.481844686446059, 46.95432247880084 ], [ 0.482350192085881, 46.954603627639933 ], [ 0.482606016210436, 46.954746092383864 ], [ 0.483133181428333, 46.95497758050314 ], [ 0.48319932067896, 46.95500658921938 ], [ 0.483201642348175, 46.955007585755098 ], [ 0.484216638912739, 46.955171212325439 ], [ 0.484228002325824, 46.955173043133094 ], [ 0.484768043193564, 46.955260893862103 ], [ 0.485153087163576, 46.955265386096571 ], [ 0.485165401136467, 46.955265554081109 ], [ 0.485327907426657, 46.955267747734723 ], [ 0.48565489144863, 46.955272177351567 ], [ 0.486227362527627, 46.955106977173998 ], [ 0.486408181992599, 46.955054844531837 ], [ 0.486934243083053, 46.954979430474999 ], [ 0.486956512310403, 46.954976227042508 ], [ 0.487211545561916, 46.95494034462893 ], [ 0.487737224819095, 46.954889763560885 ], [ 0.487746357072216, 46.954888898970125 ], [ 0.488164979280178, 46.954849242158801 ], [ 0.488642525817485, 46.954849512133777 ], [ 0.488643314373088, 46.954849529312 ], [ 0.489034826817297, 46.95484968000337 ], [ 0.489633202829987, 46.954865684344533 ], [ 0.489709473091682, 46.954867709965711 ], [ 0.489887977342206, 46.95487253815638 ], [ 0.490941658010332, 46.954931508016209 ], [ 0.491446565379693, 46.954960644849258 ], [ 0.491693836555825, 46.954975666166185 ], [ 0.492259234120688, 46.955141058641203 ], [ 0.492328939797817, 46.955161356728986 ], [ 0.492935848272512, 46.955261627495695 ], [ 0.493717213904872, 46.95539274142844 ], [ 0.494903277198403, 46.955576161398064 ], [ 0.495014327000266, 46.955606191533484 ], [ 0.495271087877047, 46.955676215516007 ], [ 0.495790252597274, 46.955817615240704 ], [ 0.496155051082351, 46.955891883062485 ], [ 0.496265702482037, 46.955914419203374 ], [ 0.496293562539041, 46.955920072514651 ], [ 0.49664296527157, 46.955992289126257 ], [ 0.497311298922629, 46.956105888168523 ], [ 0.498319703101627, 46.956263536897922 ], [ 0.498336897929767, 46.956266241175392 ], [ 0.498341100877247, 46.956266882010532 ], [ 0.498348392950142, 46.956268021979398 ], [ 0.49834865164464, 46.956268117673332 ], [ 0.498431252553798, 46.956274233906456 ], [ 0.498839144102961, 46.956304433009535 ], [ 0.499586090082046, 46.956359820750485 ], [ 0.499926939634347, 46.956378129152824 ], [ 0.500305166505982, 46.956400546817186 ], [ 0.501013434132601, 46.956447429777278 ], [ 0.502295223192515, 46.956524751306802 ], [ 0.503139071472496, 46.956651167606488 ], [ 0.503349083434721, 46.9566832393418 ], [ 0.50371991551123, 46.95673829133159 ], [ 0.504519588548314, 46.956857214075001 ], [ 0.504724756163355, 46.956875842524198 ], [ 0.504738695349607, 46.956877106960555 ], [ 0.505272327706291, 46.956927012821758 ], [ 0.505771317066818, 46.957026453744191 ], [ 0.505840054045819, 46.957040366418319 ], [ 0.506007805752175, 46.957074397500477 ], [ 0.506037898764355, 46.957080858656177 ], [ 0.506538515467285, 46.957188838493913 ], [ 0.507078215355812, 46.957305227951316 ], [ 0.507763422491246, 46.957433137847623 ], [ 0.508616215254005, 46.9575816903467 ], [ 0.509051728813735, 46.957586641982637 ], [ 0.509552773010505, 46.957592436934675 ], [ 0.509652915292019, 46.957593729503756 ], [ 0.509677221165469, 46.957591930879381 ], [ 0.509724202534393, 46.957588468315528 ], [ 0.510203803121413, 46.957553156326938 ], [ 0.510406574384716, 46.957538213091588 ], [ 0.51049000124947, 46.95753818048842 ], [ 0.511126281984027, 46.957539970282845 ], [ 0.512463943138992, 46.957690447908128 ], [ 0.512779986552837, 46.958170185528587 ], [ 0.512662853232991, 46.958685617279848 ], [ 0.512311686772751, 46.959168975402008 ], [ 0.512311590802745, 46.95916911051826 ], [ 0.512310445819525, 46.959170209739938 ], [ 0.51223996641618, 46.959269353126409 ], [ 0.512008676394536, 46.959595000019014 ], [ 0.512008670180319, 46.959595135004569 ], [ 0.511994828435172, 46.95960429468051 ], [ 0.511693531761304, 46.959804390366088 ], [ 0.511406093454109, 46.959994920693056 ], [ 0.51119330065206, 46.960253000104103 ], [ 0.511010619105278, 46.96047430103669 ], [ 0.511007549434564, 46.960478009778583 ], [ 0.510970495009108, 46.960522753521239 ], [ 0.510970458050537, 46.960522823114395 ], [ 0.510970075796512, 46.960523284947207 ], [ 0.510970069579593, 46.96052341993267 ], [ 0.510718557456171, 46.960996448768228 ], [ 0.510519465578462, 46.961359675688392 ], [ 0.510518733229249, 46.96136101389007 ], [ 0.51041677402262, 46.961546715973107 ], [ 0.510416577237421, 46.96154717724459 ], [ 0.510416484167199, 46.961547295230204 ], [ 0.510224952100628, 46.96199635040805 ], [ 0.510148317419419, 46.962175981441348 ], [ 0.510148313717048, 46.962176031157476 ], [ 0.510147858797904, 46.962177367771339 ], [ 0.510130784003125, 46.962410891174642 ], [ 0.51011360702986, 46.962638061731802 ], [ 0.510113858165235, 46.962638637427524 ], [ 0.510113820189696, 46.962639147294816 ], [ 0.51029587580632, 46.96331417274186 ], [ 0.510462424986507, 46.963754655594492 ], [ 0.510747287213344, 46.964283268090291 ], [ 0.510998528693666, 46.964562718099344 ], [ 0.51100963628339, 46.964575159755171 ], [ 0.511230763193152, 46.964822202120011 ], [ 0.51130373177532, 46.964943492938346 ], [ 0.511516013471905, 46.965296953010039 ], [ 0.511658036137382, 46.965427435642454 ], [ 0.512204180371389, 46.965928893051277 ], [ 0.512915474340813, 46.96627311780076 ], [ 0.513491224293527, 46.966500509577621 ], [ 0.513510382308741, 46.96650807306596 ], [ 0.514315790289764, 46.966828431284853 ], [ 0.515548783961696, 46.967314409132605 ], [ 0.516129174891954, 46.967570127078709 ], [ 0.517032460541501, 46.96813005712886 ], [ 0.517944909550042, 46.96874872839426 ], [ 0.518549571127409, 46.969135570835327 ], [ 0.51950475978296, 46.969511934603595 ], [ 0.520156672145158, 46.96978718547799 ], [ 0.520842152611603, 46.970076666054858 ], [ 0.52155909013996, 46.970337823720698 ], [ 0.521879243903939, 46.970455490742587 ], [ 0.522227856901122, 46.970561291722518 ], [ 0.522481043405314, 46.970638851260269 ], [ 0.522897228836743, 46.97075765936642 ], [ 0.523368062213726, 46.970892966134862 ], [ 0.524070263926788, 46.971111128005127 ], [ 0.524755908642604, 46.971432295725826 ], [ 0.525658516876636, 46.971972952888791 ], [ 0.525710717372034, 46.971996907913031 ], [ 0.526251417771333, 46.972244791937399 ], [ 0.526461517791426, 46.972341216951477 ], [ 0.526895511494413, 46.972548698450801 ], [ 0.527109705059934, 46.972599723955014 ], [ 0.52711382397483, 46.97260071645222 ], [ 0.527414889865528, 46.972673379874394 ], [ 0.528368631620999, 46.972908527669787 ], [ 0.528395075119266, 46.972915047326595 ], [ 0.528769556115256, 46.973007738988976 ], [ 0.528933436844354, 46.973058710234639 ], [ 0.528938107803778, 46.973060173429175 ], [ 0.529461223625261, 46.973224199844466 ], [ 0.529873426480566, 46.973353149625716 ], [ 0.530059589862441, 46.973400374720406 ], [ 0.530508822544066, 46.973513901069893 ], [ 0.531178031313797, 46.973686452459845 ], [ 0.531897103924878, 46.973778725990925 ], [ 0.532800719478232, 46.973927909381864 ], [ 0.533486259648088, 46.974019725730642 ], [ 0.533673097441777, 46.974047664156508 ], [ 0.534021813573923, 46.97410202543093 ], [ 0.534460780462581, 46.974535620567252 ], [ 0.534473257951036, 46.974548063273822 ], [ 0.534473448830514, 46.974548133780303 ], [ 0.534473892767112, 46.974548572280128 ], [ 0.535108933216306, 46.974850398144618 ], [ 0.53533381123188, 46.975296828428732 ], [ 0.535351126414901, 46.975331323942264 ], [ 0.535441261985389, 46.975510524654233 ], [ 0.535592896358909, 46.975811880412842 ], [ 0.53559542632169, 46.975857604556438 ], [ 0.535604328089256, 46.97602110605694 ], [ 0.535625638953558, 46.9764108355321 ], [ 0.535727421685872, 46.976637711081672 ], [ 0.53572780381617, 46.976637989481965 ], [ 0.535808075520916, 46.976817114117587 ], [ 0.535842494553963, 46.976893515407497 ], [ 0.535875988497703, 46.976955574446499 ], [ 0.535912920303634, 46.977024056004787 ], [ 0.536175931490281, 46.977512496764398 ], [ 0.536459551494718, 46.977959939445142 ], [ 0.536462970051865, 46.977962443484145 ], [ 0.536514950000287, 46.978000577078454 ], [ 0.536928272093652, 46.978305312155882 ], [ 0.537178039179369, 46.978508187700761 ], [ 0.537208494355914, 46.978533024060987 ], [ 0.537208488202462, 46.97853315904711 ], [ 0.537226720983985, 46.978547955696222 ], [ 0.537396393409362, 46.978687061654149 ], [ 0.538349796351318, 46.979166813734281 ], [ 0.539203132997893, 46.979387699567091 ], [ 0.539840500138486, 46.979484168490288 ], [ 0.539916312332212, 46.979495694103065 ], [ 0.540173545305092, 46.979534959786967 ], [ 0.540458135141974, 46.979641150864289 ], [ 0.540777669020344, 46.979760381962677 ], [ 0.540837582453734, 46.979918800799354 ], [ 0.541222400625078, 46.980061176402771 ], [ 0.541669341118124, 46.980226763751105 ], [ 0.541674777721329, 46.980228771267434 ], [ 0.54209656970239, 46.980409089119973 ], [ 0.542696143219199, 46.980665480784879 ], [ 0.543190920778045, 46.981100615516375 ], [ 0.543702124927791, 46.981550892248656 ], [ 0.544270763573156, 46.982216065954383 ], [ 0.545526217173038, 46.983148071683488 ], [ 0.547217172306673, 46.983882144986353 ], [ 0.548358440942282, 46.98430445454575 ], [ 0.548364121750517, 46.98430656389754 ], [ 0.548792458711002, 46.984465646564551 ], [ 0.549191486428381, 46.98455708700714 ], [ 0.549236832093094, 46.984567469920471 ], [ 0.550299800172689, 46.984812399923058 ], [ 0.552494581987606, 46.985120215244642 ], [ 0.553324224429031, 46.985254990514242 ], [ 0.553395665061883, 46.985266655640721 ], [ 0.553833909257529, 46.985338238696933 ], [ 0.554788677270344, 46.985566696117488 ], [ 0.555618119358632, 46.985984309795718 ], [ 0.555793415828669, 46.98607286185463 ], [ 0.555846567650383, 46.986162548804309 ], [ 0.556263102596127, 46.986866547349571 ], [ 0.556518893131783, 46.987316601509711 ], [ 0.556526590150354, 46.987330172614953 ], [ 0.557050700637619, 46.988254117405276 ], [ 0.557224279131877, 46.988624903456817 ], [ 0.557271999602366, 46.988726141278818 ], [ 0.557503236230197, 46.989221312161582 ], [ 0.557922354490059, 46.990081214534541 ], [ 0.557945042510275, 46.990145104761282 ], [ 0.557946958690546, 46.990150507208774 ], [ 0.558114819255669, 46.990625097821976 ], [ 0.558207282156781, 46.990886072100118 ], [ 0.558492239428353, 46.991851155433608 ], [ 0.5584759999797, 46.993022941247382 ], [ 0.558389004542523, 46.993339838213991 ], [ 0.558207914163593, 46.99399955899564 ], [ 0.558078549943978, 46.99426637683154 ], [ 0.557906930834412, 46.994620395564446 ], [ 0.55784527972361, 46.994839599422477 ], [ 0.557845273619862, 46.994839734409013 ], [ 0.557767599824024, 46.995116293466261 ], [ 0.557755909825075, 46.995158124729357 ], [ 0.557723180847729, 46.99527465460941 ], [ 0.557723215715002, 46.995275147216432 ], [ 0.557722826209536, 46.995276673834226 ], [ 0.557748059551258, 46.995627022536063 ], [ 0.557751663522821, 46.995677053354477 ], [ 0.557772987453542, 46.995978310533857 ], [ 0.558224712973293, 46.996528334322484 ], [ 0.55892398487035, 46.9968448896146 ], [ 0.559313437568993, 46.997162595812711 ], [ 0.559663786505266, 46.997450544155832 ], [ 0.559705679838928, 46.997484938879936 ], [ 0.55970007308116, 46.998159722186394 ], [ 0.559785490221301, 46.998708205923904 ], [ 0.559800517733911, 46.998803136197765 ], [ 0.559805643143634, 46.998836226169288 ], [ 0.560425747063386, 46.999565450802635 ], [ 0.560425866198641, 46.99956551267325 ], [ 0.560426125397024, 46.999565819106017 ], [ 0.561085673003619, 46.999908903347638 ], [ 0.561589359102142, 47.000141997179668 ], [ 0.562030998273166, 47.000347018177223 ], [ 0.56340431149741, 47.000871449460895 ], [ 0.564171169207694, 47.001140465381752 ], [ 0.564209612943412, 47.001154043625526 ], [ 0.564279216260056, 47.00117848250504 ], [ 0.564442512573754, 47.001236245757966 ], [ 0.564749048163949, 47.001341079491112 ], [ 0.565462801623744, 47.00158489507097 ], [ 0.565648443479437, 47.001648438517577 ], [ 0.565861765729312, 47.001810117230356 ], [ 0.565931849613461, 47.001863395159738 ], [ 0.566817961134694, 47.002536040411066 ], [ 0.566876394508839, 47.002580509347162 ], [ 0.566876594748171, 47.002580655044703 ], [ 0.566821236037321, 47.002695330964862 ], [ 0.566774439070964, 47.002791840984877 ], [ 0.566578025506543, 47.003197097169853 ], [ 0.566440805236512, 47.003402010000968 ], [ 0.566192667045447, 47.003771585269781 ], [ 0.566192660961551, 47.003771720256303 ], [ 0.566192645879574, 47.003772204498958 ], [ 0.566192638674811, 47.003772215211136 ], [ 0.566181973529271, 47.004114710574136 ], [ 0.566177705877809, 47.004243766454167 ], [ 0.566177693709833, 47.004244036427281 ], [ 0.566177931012579, 47.004244528898049 ], [ 0.566177922355108, 47.004244806904332 ], [ 0.566482441541617, 47.004876466148708 ], [ 0.566583730720087, 47.00508666362083 ], [ 0.566583911548833, 47.005086795190564 ], [ 0.566642766137336, 47.005160568329472 ], [ 0.56699202202451, 47.005598980823962 ], [ 0.567267573836728, 47.005945009218088 ], [ 0.567571166353684, 47.006326352391881 ], [ 0.567607059827673, 47.006371426603863 ], [ 0.567608729702402, 47.006369435081872 ], [ 0.567608735783054, 47.006369300095329 ], [ 0.568364935302786, 47.005314588421363 ], [ 0.568537299978838, 47.005224605261219 ], [ 0.568918388722585, 47.005027691270435 ], [ 0.569972844461759, 47.004419366386443 ], [ 0.570282825450067, 47.004217451698558 ], [ 0.570508980990012, 47.004072106310772 ], [ 0.570508987063157, 47.004071971323974 ], [ 0.571161804858741, 47.003715364914207 ], [ 0.571331958250188, 47.003612205756539 ], [ 0.571350227312936, 47.003601240641785 ], [ 0.571375530000976, 47.003585905757603 ], [ 0.572149986841478, 47.003118551905871 ], [ 0.572988334649434, 47.002658783252116 ], [ 0.573248755843508, 47.002476980069858 ], [ 0.573254765826652, 47.002472839459244 ], [ 0.573281661221246, 47.002454489056035 ], [ 0.573339143215128, 47.002414758224063 ], [ 0.57358379045492, 47.002191964724638 ], [ 0.573645005289644, 47.002136107945482 ], [ 0.573674821498883, 47.002109031858645 ], [ 0.573684691604852, 47.002100181843964 ], [ 0.57371978106954, 47.002068204023182 ], [ 0.573959510961238, 47.001850503700091 ], [ 0.575632796436792, 47.001093001116011 ], [ 0.576415223286969, 47.000816774399183 ], [ 0.576439795388715, 47.000808153484293 ], [ 0.5765634061542, 47.000764675722834 ], [ 0.577174615135256, 47.000550113774118 ], [ 0.578514052205408, 46.999906983022505 ], [ 0.58000500555089, 46.999398886857627 ], [ 0.580833459655541, 46.99914832802294 ], [ 0.580859083898327, 46.999140623302772 ], [ 0.580885653521769, 46.999132587245064 ], [ 0.58156252862731, 46.998929503879204 ], [ 0.582780905210755, 46.998623323343459 ], [ 0.582852035654265, 46.998605588647592 ], [ 0.582992981003124, 46.99856287267464 ], [ 0.583004828647255, 46.998559282398148 ], [ 0.584259573218464, 46.998179822463413 ], [ 0.584489877669299, 46.99811918081032 ], [ 0.584514436277237, 46.99811278218602 ], [ 0.584550403846959, 46.998103401605839 ], [ 0.584994816206875, 46.997987183427853 ], [ 0.585146674464883, 46.997947665815609 ], [ 0.585627599274522, 46.997885467271196 ], [ 0.585639230291015, 46.997883998232382 ], [ 0.585642469670949, 46.997883593754615 ], [ 0.585644220005231, 46.997883368013021 ], [ 0.586033995075884, 46.99783413727755 ], [ 0.586531237162125, 46.997822601384719 ], [ 0.586624034073576, 46.997820628813244 ], [ 0.587156953057807, 46.997809615956605 ], [ 0.587760379808232, 46.997802912178187 ], [ 0.587760774414966, 46.997802920428292 ], [ 0.588446782331573, 46.997795507521666 ], [ 0.588776500639041, 46.997755276647091 ], [ 0.589284274637647, 46.99769491951362 ], [ 0.590675058572206, 46.997300613341572 ], [ 0.590795538176438, 46.997254137269337 ], [ 0.590819870781864, 46.997244772615034 ], [ 0.590999509826342, 46.997175562000642 ], [ 0.591641678693362, 46.996928738996012 ], [ 0.592080915917533, 46.996759691587258 ], [ 0.592710972218483, 46.996518555021787 ], [ 0.592908269537259, 46.996442954265333 ], [ 0.592934788262133, 46.996432833533369 ], [ 0.592951020628798, 46.996426619531576 ], [ 0.593403543171653, 46.996254128408872 ], [ 0.594307405960106, 46.995892009678329 ], [ 0.59431009919853, 46.995890932860583 ], [ 0.594499093504824, 46.995815426563681 ], [ 0.594525635672483, 46.995804765510535 ], [ 0.594526036277861, 46.995804638749128 ], [ 0.594707690136688, 46.995769783428699 ], [ 0.594999285249864, 46.995713980065965 ], [ 0.595065084576136, 46.995701373935098 ], [ 0.595798911675471, 46.995560942883365 ], [ 0.595799166085358, 46.995561142235118 ], [ 0.595799162697645, 46.995561218338032 ], [ 0.595984643285412, 46.995706547323451 ], [ 0.596737616478254, 46.996297142809489 ], [ 0.596788260463923, 46.996916477541021 ], [ 0.596704914294909, 46.997204304267406 ], [ 0.596637130842371, 46.997433967205311 ], [ 0.596314877254063, 46.998054476563304 ], [ 0.596236852479102, 46.998203972846582 ], [ 0.596221438829149, 46.998230809550627 ], [ 0.595884291693713, 46.998812745083413 ], [ 0.595833650799168, 46.998912214384468 ], [ 0.595607555995856, 46.999357009231929 ], [ 0.595596473692529, 46.999378721515569 ], [ 0.595589075146382, 46.999393121414862 ], [ 0.5955890037464, 46.999393356509003 ], [ 0.595588782037823, 46.999393790878173 ], [ 0.595442083355921, 46.999876718143852 ], [ 0.59523416783036, 47.000559861691201 ], [ 0.595234100399179, 47.000561375992824 ], [ 0.595233946144074, 47.000561883777209 ], [ 0.595239324718757, 47.000878372274514 ], [ 0.59525241167675, 47.001675873950617 ], [ 0.595421484857204, 47.001879635554346 ], [ 0.595437769564636, 47.001899215909475 ], [ 0.595603869498428, 47.002100878694591 ], [ 0.596341066848722, 47.002399975755097 ], [ 0.596723143858075, 47.002410213704152 ], [ 0.597095497098399, 47.002421453621984 ], [ 0.597857754512716, 47.002210739662978 ], [ 0.597886152271379, 47.002202818702813 ], [ 0.59791613953385, 47.002194527584841 ], [ 0.598267658288918, 47.002097805425208 ], [ 0.59898872260503, 47.001693960577818 ], [ 0.600094392431052, 47.001108952869785 ], [ 0.601432368147464, 47.000717922717342 ], [ 0.602622402575114, 47.000693112895711 ], [ 0.603777342444883, 47.000865727832974 ], [ 0.605045417821219, 47.001040679347746 ], [ 0.605939194969413, 47.001197782210191 ], [ 0.605948843546421, 47.001199494381552 ], [ 0.606758917653228, 47.001343575373333 ], [ 0.607417378202144, 47.001450593613839 ], [ 0.607446799849253, 47.001455370834307 ], [ 0.60810191536017, 47.001563463033307 ], [ 0.609040197433547, 47.001663976789089 ], [ 0.609355978368374, 47.001663441900888 ], [ 0.609688691271151, 47.001663180608901 ], [ 0.610044989583488, 47.001662994644825 ], [ 0.610277329311501, 47.001632001781481 ], [ 0.610999707483825, 47.001537924446801 ], [ 0.611573202953792, 47.001374048157302 ], [ 0.611704581029686, 47.001337011494805 ], [ 0.611912202176789, 47.001268888321341 ], [ 0.612595200512929, 47.001044413066175 ], [ 0.613380009867188, 47.000777317499988 ], [ 0.61387339720061, 47.000526078826454 ], [ 0.613930349762515, 47.000496922593044 ], [ 0.614649726279721, 47.000131703660912 ], [ 0.615170635951261, 46.999866581296487 ], [ 0.615788590939201, 46.999553540983818 ], [ 0.616136573578452, 46.999338741178768 ], [ 0.616926738852669, 46.998850824019371 ], [ 0.616926744809241, 46.998850689029943 ], [ 0.617003760414925, 46.998797886824242 ], [ 0.617763711798685, 46.998277441185792 ], [ 0.61825997377433, 46.997891356563613 ], [ 0.618471057155924, 46.997696788539407 ], [ 0.618479684406176, 46.997688899524782 ], [ 0.618504791385688, 46.997665908188125 ], [ 0.618565293148601, 46.997610544858723 ], [ 0.618666139064691, 46.99751804758769 ], [ 0.618810018325256, 46.997354288330904 ], [ 0.618810418885122, 46.997354161485241 ], [ 0.619152228768463, 46.996965200783976 ], [ 0.61928959901988, 46.996796585271362 ], [ 0.619837309196507, 46.996126911386291 ], [ 0.620012147336049, 46.995872902959064 ], [ 0.620017055773123, 46.995866069228171 ], [ 0.620155400067494, 46.995666389412179 ], [ 0.620297814188543, 46.995463956021574 ], [ 0.620344848386861, 46.995397315912143 ], [ 0.620457020056299, 46.995238944716149 ], [ 0.620613839934045, 46.994936146771636 ], [ 0.620662904985527, 46.994841861871052 ], [ 0.620691386088602, 46.994787053133059 ], [ 0.620812648238349, 46.99455364751168 ], [ 0.620812689863068, 46.994552702582943 ], [ 0.620823087169833, 46.99450495207595 ], [ 0.620895615924693, 46.994167450587454 ], [ 0.620967081095439, 46.993836142277203 ], [ 0.620967116770981, 46.993835332338072 ], [ 0.620968452450945, 46.993796042152709 ], [ 0.620980736738122, 46.993418520980704 ], [ 0.62098210898403, 46.993377262451062 ], [ 0.62098921770589, 46.993169188138531 ], [ 0.620871692943116, 46.992549750810369 ], [ 0.620682844454888, 46.992278030464639 ], [ 0.620663717104426, 46.992250420968574 ], [ 0.620649992112815, 46.992230276358626 ], [ 0.620434281918687, 46.991918311115754 ], [ 0.619914218978346, 46.991298630503721 ], [ 0.619727060397353, 46.990894565443973 ], [ 0.619648075734569, 46.99072431514881 ], [ 0.619595060704194, 46.990609996835992 ], [ 0.61959506665319, 46.990609861846082 ], [ 0.61996772057071, 46.990183028207085 ], [ 0.620197727610383, 46.98991930433727 ], [ 0.620256454506011, 46.989886062063633 ], [ 0.620308906744497, 46.989856356995773 ], [ 0.621389751189999, 46.989245671320091 ], [ 0.621966916964408, 46.989010284169524 ], [ 0.62204105158033, 46.988980316179749 ], [ 0.6225886860739, 46.988758263980088 ], [ 0.622589911300948, 46.98875734344211 ], [ 0.623426784251013, 46.988145367961557 ], [ 0.623659073942149, 46.987945863051721 ], [ 0.623728677816984, 46.987885999933695 ], [ 0.624029070029284, 46.987629169054962 ], [ 0.62421580462492, 46.986795316973243 ], [ 0.62421572961248, 46.986794895830727 ], [ 0.624215981631908, 46.986794284751866 ], [ 0.624215999443005, 46.986793879780855 ], [ 0.624136523250165, 46.986347317071974 ], [ 0.624026290237015, 46.985729203207022 ], [ 0.624025820013423, 46.985728663966498 ], [ 0.624025793912773, 46.98572851742437 ], [ 0.623203687790597, 46.984788311019386 ], [ 0.622534287822665, 46.984394886865083 ], [ 0.622490439530843, 46.984368994675748 ], [ 0.622449648882417, 46.984344779411195 ], [ 0.621871562760483, 46.983923065465554 ], [ 0.621158427189336, 46.983403038500505 ], [ 0.620152574155128, 46.98280549300047 ], [ 0.619240601141601, 46.982282296500038 ], [ 0.619239829992159, 46.982281875244169 ], [ 0.619012991758224, 46.98215180810648 ], [ 0.618692075889865, 46.982033039378038 ], [ 0.618631086100179, 46.982010297242205 ], [ 0.618624564842139, 46.982007884308153 ], [ 0.618208970903917, 46.981852416767502 ], [ 0.617370778058453, 46.981429766077952 ], [ 0.61666722004957, 46.981117981602708 ], [ 0.61611378114167, 46.980327391323911 ], [ 0.616121685020173, 46.980308308085156 ], [ 0.616128062940898, 46.980293052455764 ], [ 0.616182857807519, 46.980160828115963 ], [ 0.616184632296466, 46.980156406051371 ], [ 0.616280061165755, 46.979926523866268 ], [ 0.616448978005141, 46.979901370693291 ], [ 0.616450580849284, 46.97990111715211 ], [ 0.616747784968047, 46.979858589209762 ], [ 0.617483175076437, 46.97932882524821 ], [ 0.617614178755444, 46.979236880731825 ], [ 0.617969465594443, 46.978988880964458 ], [ 0.618234652813591, 46.978855324249125 ], [ 0.618611282456355, 46.978667548903772 ], [ 0.619251777668374, 46.978379018626271 ], [ 0.61961793558926, 46.978216821371326 ], [ 0.619824509346285, 46.97812583729597 ], [ 0.620412590881614, 46.977807890395056 ], [ 0.620415397402287, 46.977806341871201 ], [ 0.620415452530333, 46.9778063121082 ], [ 0.62042795514473, 46.977799695255435 ], [ 0.620467706909996, 46.977780797805501 ], [ 0.621130497630112, 46.977467487366638 ], [ 0.621548284068502, 46.977214884989422 ], [ 0.622534927290026, 46.976685767483538 ], [ 0.623388157858173, 46.976167404056419 ], [ 0.62397436404362, 46.97585521089313 ], [ 0.625295459576815, 46.975260900107699 ], [ 0.625748823350695, 46.975078844622438 ], [ 0.62588152326245, 46.975026339606806 ], [ 0.626159557074424, 46.974952346034513 ], [ 0.626237052176433, 46.974931782558578 ], [ 0.626244324211117, 46.974929846918727 ], [ 0.626722355666322, 46.974803864908203 ], [ 0.627342883231392, 46.974583686213187 ], [ 0.627388897236239, 46.974567440076669 ], [ 0.627658372772502, 46.974472459512285 ], [ 0.627855825140436, 46.974471251572801 ], [ 0.628525970317941, 46.974467333704048 ], [ 0.628677508930085, 46.974441805708551 ], [ 0.628718079991641, 46.974434959895227 ], [ 0.629556993827204, 46.974294687778006 ], [ 0.630270607551333, 46.974196759014809 ], [ 0.631180124005571, 46.974102849854496 ], [ 0.632158532341259, 46.973938287919573 ], [ 0.632712257834234, 46.97385507642521 ], [ 0.633492388041566, 46.973740478270884 ], [ 0.633875377247653, 46.973670041300586 ], [ 0.634206383568514, 46.973609430673505 ], [ 0.634213148105645, 46.973608218312613 ], [ 0.634219518205372, 46.973606997860024 ], [ 0.635002640534404, 46.973366751228767 ], [ 0.635758936362575, 46.973152971972603 ], [ 0.635940283842929, 46.973059543582252 ], [ 0.635954593483225, 46.973052153017129 ], [ 0.636386498268203, 46.972831522025565 ], [ 0.636900729028045, 46.97238718115161 ], [ 0.637202820228968, 46.971979025669391 ], [ 0.637466504389153, 46.971628944798205 ], [ 0.637586548051707, 46.971470306628305 ], [ 0.63765136917875, 46.97136016661581 ], [ 0.637666969208279, 46.971333702105596 ], [ 0.637781677862993, 46.971139674952504 ], [ 0.637962024408878, 46.97083711380683 ], [ 0.638310609635381, 46.970177697711875 ], [ 0.638348420442495, 46.970085849114795 ], [ 0.638464703861622, 46.969804249550386 ], [ 0.63870975155158, 46.969210313301097 ], [ 0.63896048442991, 46.968874252404959 ], [ 0.63913570860509, 46.968640797677864 ], [ 0.639317054547964, 46.968453467955371 ], [ 0.639678431061181, 46.968081957522749 ], [ 0.639878728953314, 46.967960807742223 ], [ 0.639879473437246, 46.967960357519999 ], [ 0.640139329600648, 46.96780562732306 ], [ 0.64042950687992, 46.967608896410098 ], [ 0.641267600171646, 46.967279253576059 ], [ 0.641817328429071, 46.967034185759971 ], [ 0.641884740705985, 46.967004310956717 ], [ 0.6418919928858, 46.967000946335006 ], [ 0.642387905398939, 46.966781124966374 ], [ 0.642458972665443, 46.966744611322611 ], [ 0.642648345592489, 46.96664741869192 ], [ 0.642657526062117, 46.966642673411421 ], [ 0.643069000524312, 46.96643335204471 ], [ 0.643775990628537, 46.966092004281911 ], [ 0.644207997873999, 46.965842782043666 ], [ 0.6442451529151, 46.965821411782009 ], [ 0.644432617964002, 46.965713503463803 ], [ 0.644465745684516, 46.965696075123347 ], [ 0.644913803643227, 46.965459727757825 ], [ 0.645246952633087, 46.965275731358936 ], [ 0.645422305853945, 46.965179845729345 ], [ 0.646414064423407, 46.964583079543885 ], [ 0.647300105089522, 46.963966133181941 ], [ 0.647910369327631, 46.963501014618508 ], [ 0.647937943903677, 46.963480040676096 ], [ 0.648054297718499, 46.963391348317423 ], [ 0.648099446149298, 46.963351600398916 ], [ 0.648648961680696, 46.962869107069693 ], [ 0.648883880851298, 46.962719057933683 ], [ 0.64917275544786, 46.96253610659015 ], [ 0.65005353373252, 46.962099182494462 ], [ 0.650517936780737, 46.961921430127013 ], [ 0.650533716305325, 46.961915532133411 ], [ 0.65117063349694, 46.961673416552742 ], [ 0.652122751356835, 46.961489464387903 ], [ 0.652606951412586, 46.961357037139031 ], [ 0.653527909526985, 46.961107057674525 ], [ 0.654351704301644, 46.960769282949386 ], [ 0.654699664151981, 46.960627334981602 ], [ 0.655615799130562, 46.960325885739913 ], [ 0.656255436346291, 46.960038265333893 ], [ 0.656681991077073, 46.959758471085486 ], [ 0.656896481990466, 46.959617854939758 ], [ 0.657047199861778, 46.95951890814208 ], [ 0.657457771808943, 46.959100177236728 ], [ 0.657821256209364, 46.958730808428427 ], [ 0.658026104357535, 46.958041394305198 ], [ 0.658089999639548, 46.957894932808053 ], [ 0.65811898634578, 46.957828813050071 ], [ 0.658225905328081, 46.957583729633001 ], [ 0.658394516837676, 46.95719911230011 ], [ 0.658401271793655, 46.956979593367556 ], [ 0.658401347274141, 46.95697727073977 ], [ 0.658405106942515, 46.956863573779479 ], [ 0.658406110386216, 46.956831302362204 ], [ 0.658406365283048, 46.95682285988515 ], [ 0.658417879776839, 46.956468540145167 ], [ 0.658410476022802, 46.956171082637958 ], [ 0.658409597122177, 46.956131357191182 ], [ 0.658408466125732, 46.95608458541502 ], [ 0.658406090544124, 46.95598455416981 ], [ 0.658406338206075, 46.955911665020238 ], [ 0.658408921645036, 46.955491046919924 ], [ 0.65840540420566, 46.954752362146067 ], [ 0.658217491350097, 46.954018939229897 ], [ 0.658157598043935, 46.953808496834867 ], [ 0.658130746670731, 46.953713534871696 ], [ 0.658028039700232, 46.953351509347236 ], [ 0.657890916818567, 46.952891233381585 ], [ 0.657801988740946, 46.952593800905028 ], [ 0.657801994590371, 46.952593665911515 ], [ 0.657766495471233, 46.952474856488443 ], [ 0.657766501320733, 46.952474721494966 ], [ 0.657757563034223, 46.952363653997814 ], [ 0.657728978138789, 46.951995841551643 ], [ 0.657676027665455, 46.951235309284883 ], [ 0.657674685283091, 46.95121545092659 ], [ 0.657781139072839, 46.950731348687441 ], [ 0.658203312692444, 46.950267540689595 ], [ 0.658203484752792, 46.950267486082986 ], [ 0.65838513097647, 46.950182677358853 ], [ 0.658875711677295, 46.949953222287881 ], [ 0.659043264122348, 46.949874881952823 ], [ 0.65944178493847, 46.949757319646721 ], [ 0.659653239314552, 46.949694867293893 ], [ 0.660025973860031, 46.949535864313582 ], [ 0.660305680515627, 46.949417980147182 ], [ 0.661013171933331, 46.949329238636466 ], [ 0.66148006034917, 46.949271613537881 ], [ 0.662337743628216, 46.949299842919075 ], [ 0.662463862737271, 46.949304132560037 ], [ 0.66271371015981, 46.949336221094747 ], [ 0.663379097000177, 46.949462303802036 ], [ 0.664059962544777, 46.949534651405685 ], [ 0.664801268425217, 46.94955424927408 ], [ 0.664891377531376, 46.949556675393801 ], [ 0.665470785764023, 46.949572193948136 ], [ 0.665517685979338, 46.949573549080256 ], [ 0.665685888899307, 46.94954385281703 ], [ 0.666270825915584, 46.949440445607586 ], [ 0.666368765616528, 46.949365549584165 ], [ 0.666370996958787, 46.949363843143068 ], [ 0.666835681555052, 46.94900988314366 ], [ 0.667461262755951, 46.948351486917652 ], [ 0.667788884372905, 46.947952779786405 ], [ 0.667896636312123, 46.947708213774845 ], [ 0.667905961658904, 46.947687221316528 ], [ 0.667909900121409, 46.947678248490831 ], [ 0.668038394733043, 46.947388870936493 ], [ 0.668043174063116, 46.947378699108924 ], [ 0.66804319735629, 46.947378159132029 ], [ 0.668049040612168, 46.947352470944296 ], [ 0.668149705144539, 46.946903233162438 ], [ 0.668149722613468, 46.946902828179695 ], [ 0.668149687859653, 46.946902656768891 ], [ 0.668149902574961, 46.946901705889204 ], [ 0.668127157788072, 46.946788652402347 ], [ 0.667791330036123, 46.946601294878114 ], [ 0.667788724641065, 46.946599764531641 ], [ 0.667742115890689, 46.946573420434127 ], [ 0.66768229820978, 46.946496547359018 ], [ 0.66766696122022, 46.946477051119587 ], [ 0.667654081428374, 46.946460513651495 ], [ 0.667206077859313, 46.945882779400961 ], [ 0.6668379068677, 46.94524030060871 ], [ 0.666410928899146, 46.944839141579493 ], [ 0.666408400831341, 46.944836718053637 ], [ 0.666167273334769, 46.94460917114619 ], [ 0.665910185013955, 46.944468042545004 ], [ 0.665873972346966, 46.944448147142076 ], [ 0.665497428503763, 46.944240351319593 ], [ 0.665066521071885, 46.943946818920033 ], [ 0.664952402967689, 46.943868606532391 ], [ 0.664761536967457, 46.943738274602609 ], [ 0.664602117604472, 46.943628981457238 ], [ 0.664550384565832, 46.943593479608602 ], [ 0.664484091030076, 46.943547954613749 ], [ 0.664479950535098, 46.943545114327442 ], [ 0.664148438322199, 46.943316776330875 ], [ 0.664018828267882, 46.943242089700284 ], [ 0.663676201148011, 46.943056254966272 ], [ 0.66365977531869, 46.94304727629607 ], [ 0.663652065960715, 46.943043066655562 ], [ 0.663389183406529, 46.942899382608807 ], [ 0.663069742842881, 46.942530669853575 ], [ 0.662864944902862, 46.942293853646497 ], [ 0.662846533003592, 46.942272537868973 ], [ 0.662842126310077, 46.942267461818254 ], [ 0.662802944141002, 46.942222112752248 ], [ 0.661548805893073, 46.941327450710318 ], [ 0.661533422470299, 46.941317740208248 ], [ 0.66147456052165, 46.941280411383559 ], [ 0.661439992940554, 46.941258632452588 ], [ 0.661115856790338, 46.941053709996062 ], [ 0.660878529155965, 46.940903377410287 ], [ 0.66014209137752, 46.94039769985681 ], [ 0.659683576983423, 46.940043447628362 ], [ 0.659355634064842, 46.93979007219064 ], [ 0.658669208547281, 46.939296344270346 ], [ 0.658573543869797, 46.939209549977519 ], [ 0.658395903427436, 46.939047858953295 ], [ 0.658221669020982, 46.938889687874109 ], [ 0.657899156232061, 46.938596126431513 ], [ 0.657680254834716, 46.938374179919578 ], [ 0.657652620920303, 46.938346111424721 ], [ 0.657600475237144, 46.938293033137867 ], [ 0.657569868163142, 46.938261875545209 ], [ 0.65741417348065, 46.938103736471795 ], [ 0.657404103814661, 46.938083626287039 ], [ 0.657401159105019, 46.938077544691772 ], [ 0.657397138405595, 46.938068936414503 ], [ 0.657374571401798, 46.938022634055926 ], [ 0.657163074886286, 46.937585833621682 ], [ 0.656987440085599, 46.937283091066568 ], [ 0.656974878684634, 46.937261294533187 ], [ 0.656867382376038, 46.937074409584802 ], [ 0.656738792351887, 46.936873584326229 ], [ 0.65670974526284, 46.936828233807297 ], [ 0.656541915527323, 46.936564360829763 ], [ 0.656358094743232, 46.935677884044303 ], [ 0.656357809335848, 46.935048369280288 ], [ 0.656357905132702, 46.935048162999308 ], [ 0.656446829426814, 46.934889727186849 ], [ 0.65657297368803, 46.93466449085615 ], [ 0.656758205409364, 46.934334888931552 ], [ 0.657233355204269, 46.933909376825703 ], [ 0.657354000394529, 46.933801460003174 ], [ 0.657642938027186, 46.933542646596528 ], [ 0.657652710830317, 46.933533428127888 ], [ 0.658277962013269, 46.932947092809748 ], [ 0.658658388052035, 46.932102583145642 ], [ 0.658658393712463, 46.932102574227002 ], [ 0.658658614761267, 46.932102079862432 ], [ 0.658678033475637, 46.932058971414762 ], [ 0.658962425359283, 46.931321626907902 ], [ 0.659131703361034, 46.930645937702934 ], [ 0.659160788442794, 46.930530200330878 ], [ 0.659160890794214, 46.930529431547072 ], [ 0.659161125234345, 46.930528495741584 ], [ 0.659227608584876, 46.930025423721048 ], [ 0.659226518029994, 46.929590608980966 ], [ 0.65922626264655, 46.929336589285811 ], [ 0.659221001208453, 46.92918475026444 ], [ 0.659219452583871, 46.929138510084584 ], [ 0.659219090769418, 46.929130950191208 ], [ 0.65920993733294, 46.928854083602417 ], [ 0.658957637341044, 46.928060797433922 ], [ 0.658750995504918, 46.927695117971091 ], [ 0.658672616598571, 46.92755576283384 ], [ 0.658642708826038, 46.927521608146606 ], [ 0.658120728404523, 46.926922350676548 ], [ 0.657524277631515, 46.926122065239035 ], [ 0.656913334219051, 46.925474610077764 ], [ 0.656763805319829, 46.925271025099413 ], [ 0.656663319978245, 46.925133408368595 ], [ 0.656561283286853, 46.924994057822914 ], [ 0.656038739726393, 46.924482562988857 ], [ 0.655830732307279, 46.924258366368761 ], [ 0.655775366208514, 46.924198813704493 ], [ 0.65550484189117, 46.923905664670635 ], [ 0.654855906210571, 46.92322589756747 ], [ 0.65461937803212, 46.922956554881949 ], [ 0.654599579040141, 46.92293378861136 ], [ 0.654552232740452, 46.922879590009998 ], [ 0.654404552689447, 46.922710663998664 ], [ 0.654140468328681, 46.922406550986025 ], [ 0.654036412028049, 46.922286748230142 ], [ 0.65391801504584, 46.92213548421185 ], [ 0.65356720620643, 46.921686386027396 ], [ 0.653082511663817, 46.921009952249157 ], [ 0.652872293926351, 46.920694714920927 ], [ 0.652681521384773, 46.920407417318003 ], [ 0.652681150767671, 46.92040686931152 ], [ 0.652580101476428, 46.920254293607506 ], [ 0.652570006988632, 46.920241522340078 ], [ 0.652386417341393, 46.920000656632588 ], [ 0.652206541267271, 46.919765135702299 ], [ 0.652044261625445, 46.919431622568482 ], [ 0.651898078570193, 46.919130254088088 ], [ 0.651625501951975, 46.918323021788211 ], [ 0.65147484376165, 46.917221022903412 ], [ 0.651490799331961, 46.916671884130963 ], [ 0.651734483925385, 46.915502351067722 ], [ 0.651751487973421, 46.915421132134604 ], [ 0.651821688111988, 46.915039514418218 ], [ 0.651857128554875, 46.914845969240289 ], [ 0.651909845598447, 46.914559133890144 ], [ 0.651912846267647, 46.914553914715917 ], [ 0.652241829804451, 46.913982161879154 ], [ 0.652255921763988, 46.913957317834708 ], [ 0.652323835745463, 46.913800888528542 ], [ 0.652363931791222, 46.913707992225817 ], [ 0.65254016862537, 46.91330190663863 ], [ 0.653323499565992, 46.912637791821041 ], [ 0.653804630516676, 46.912454761158799 ], [ 0.654176304123238, 46.912314133191913 ], [ 0.655262193001835, 46.91185307295509 ], [ 0.65536812166012, 46.91182009937782 ], [ 0.655404089784154, 46.911809076530417 ], [ 0.655645123225324, 46.911734129702495 ], [ 0.655656921512702, 46.911730465132727 ], [ 0.656749083375944, 46.911392414097662 ], [ 0.657234786699958, 46.911165132439429 ], [ 0.657634517292349, 46.910979048065968 ], [ 0.65792844520462, 46.91090619691748 ], [ 0.658569821941764, 46.910749363289675 ], [ 0.658951627248341, 46.910576668117493 ], [ 0.658959686986332, 46.910573081767112 ], [ 0.659188088952488, 46.910470848207233 ], [ 0.659250902481482, 46.91043172555127 ], [ 0.659882272190982, 46.910038536183542 ], [ 0.660056517405259, 46.909930201530372 ], [ 0.660370175478373, 46.909707419429743 ], [ 0.660430504211128, 46.909664474118586 ], [ 0.660540477095869, 46.909586888762696 ], [ 0.661019131983768, 46.909186763519187 ], [ 0.661098201478577, 46.909122304831712 ], [ 0.661148827205718, 46.909081170734787 ], [ 0.661193044059458, 46.909044987402204 ], [ 0.661203589008138, 46.909036390946341 ], [ 0.661289830300145, 46.908966349427914 ], [ 0.661302087096965, 46.908956464737351 ], [ 0.661639249369127, 46.908682272803929 ], [ 0.661641335910793, 46.908679612883262 ], [ 0.661957112825085, 46.908243254569562 ], [ 0.661957518458397, 46.908242992575197 ], [ 0.661976384545969, 46.908217028300328 ], [ 0.662323094485929, 46.907876822446191 ], [ 0.662373327817211, 46.907827579535429 ], [ 0.662409982853268, 46.907791437323041 ], [ 0.662486076030598, 46.907691240763171 ], [ 0.662502622454166, 46.907669462122229 ], [ 0.662685492979662, 46.907429049142749 ], [ 0.662690081176134, 46.907423126025563 ], [ 0.662696348546813, 46.907414777660698 ], [ 0.662794180135152, 46.90728616108202 ], [ 0.663228149765424, 46.906885120419844 ], [ 0.663603495550042, 46.906399939516696 ], [ 0.663611656372207, 46.906389420674266 ], [ 0.663681285260393, 46.906307645904228 ], [ 0.664178583765846, 46.905724403675052 ], [ 0.664304888287061, 46.905590764402049 ], [ 0.664337225978461, 46.905556836777833 ], [ 0.664563168717354, 46.905319023933956 ], [ 0.664718704708116, 46.905122884525383 ], [ 0.66494468438026, 46.904838457425406 ], [ 0.664944688798998, 46.904838355045491 ], [ 0.665046406784094, 46.904710630124661 ], [ 0.665447511015858, 46.904308915287864 ], [ 0.666063892264683, 46.90318194660837 ], [ 0.666064083394364, 46.903181460753835 ], [ 0.666064183980193, 46.903181276947443 ], [ 0.666079293409381, 46.903142796747119 ], [ 0.666331064741754, 46.90250278314749 ], [ 0.666581709908603, 46.901962901961134 ], [ 0.666801987174992, 46.901448755911808 ], [ 0.666835365526655, 46.901371377625559 ], [ 0.666897171223976, 46.901227247068796 ], [ 0.666897202968571, 46.90122651089677 ], [ 0.666897349119167, 46.90122616976366 ], [ 0.666907301965103, 46.901132623086255 ], [ 0.666957215487296, 46.900666794684938 ], [ 0.666979671612651, 46.900456877129457 ], [ 0.667138821517832, 46.899984364638101 ], [ 0.667185417823267, 46.899845465507092 ], [ 0.667192355096094, 46.899824716831944 ], [ 0.667196125478467, 46.899813525270247 ], [ 0.667279789957858, 46.899524188428366 ], [ 0.667323681560916, 46.899372664794363 ], [ 0.667323695137012, 46.899372349889781 ], [ 0.667412313360828, 46.899065876283927 ], [ 0.667448283630706, 46.89898808687839 ], [ 0.667535268567552, 46.898799337858463 ], [ 0.667557280069253, 46.898751538953391 ], [ 0.667745754884155, 46.89834290690905 ], [ 0.668313296142106, 46.897584249150881 ], [ 0.668613851971748, 46.897135450174538 ], [ 0.66914751384297, 46.896308545650683 ], [ 0.669296566140803, 46.895821810329267 ], [ 0.669302867532041, 46.895801409234437 ], [ 0.66941277069504, 46.89544639195956 ], [ 0.66943077272598, 46.895412842656242 ], [ 0.66952797836036, 46.895233621906442 ], [ 0.669812291082273, 46.894709863250938 ], [ 0.669872065799155, 46.894264655895178 ], [ 0.669918403650712, 46.893920917494306 ], [ 0.669928261485393, 46.893847614896622 ], [ 0.669956701345229, 46.893654031402313 ], [ 0.669994330210927, 46.893402669873332 ], [ 0.669994405774991, 46.893400914918963 ], [ 0.670005315709047, 46.893339793864733 ], [ 0.670022831186323, 46.893240108116267 ], [ 0.670077426443932, 46.892931496858274 ], [ 0.670097131190611, 46.892819223479918 ], [ 0.670100206489217, 46.892802203175847 ], [ 0.6701121445906, 46.892733680057773 ], [ 0.670118438437133, 46.892697818869777 ], [ 0.67017691092845, 46.892366525808207 ], [ 0.670176592329193, 46.892172495463335 ], [ 0.670176363286132, 46.892077100245416 ], [ 0.670175774599518, 46.891907655194977 ], [ 0.670170778764166, 46.891657457814759 ], [ 0.670168660464178, 46.891564677785993 ], [ 0.670159291235198, 46.891091097013089 ], [ 0.670080203504213, 46.890808146116392 ], [ 0.669990344449041, 46.890483177618172 ], [ 0.669920203774188, 46.890162213170356 ], [ 0.669899773424186, 46.890069111384484 ], [ 0.669879372207157, 46.88997533460936 ], [ 0.669839548038405, 46.889792529831723 ], [ 0.669839544017274, 46.889792520262617 ], [ 0.669839438095007, 46.889792032190627 ], [ 0.669644101798693, 46.889324186797531 ], [ 0.669457249911161, 46.889001212287013 ], [ 0.669443803128663, 46.888977753296523 ], [ 0.669413006514582, 46.888924030042688 ], [ 0.669357261191842, 46.888827240787904 ], [ 0.669007828270162, 46.888246201678513 ], [ 0.668713378426445, 46.887843814818261 ], [ 0.668655321650734, 46.887764137873162 ], [ 0.668593910974274, 46.887689121987435 ], [ 0.66852503125188, 46.88760449681795 ], [ 0.668525037067543, 46.887604361821325 ], [ 0.668313894442917, 46.887345260481474 ], [ 0.668189257634025, 46.887127634268033 ], [ 0.668062654088174, 46.886907270981773 ], [ 0.667902462037606, 46.88662717175584 ], [ 0.667795572635077, 46.886434304693985 ], [ 0.667745338653216, 46.8863433564158 ], [ 0.667616991268537, 46.886111332128408 ], [ 0.667546228956239, 46.885988160491642 ], [ 0.667515530294062, 46.885935045893376 ], [ 0.667293394784796, 46.885547429096789 ], [ 0.667042950781353, 46.884956858333211 ], [ 0.666907193716915, 46.884360131324449 ], [ 0.666891750220564, 46.884292048253585 ], [ 0.666864064060483, 46.884133489830845 ], [ 0.666838967056568, 46.883989434390422 ], [ 0.666807713673806, 46.883809472343906 ], [ 0.666807731132415, 46.883809067353781 ], [ 0.666807407687023, 46.883808284215171 ], [ 0.666807378102367, 46.883808114399919 ], [ 0.666556410848452, 46.883199516120058 ], [ 0.666340072530529, 46.882568993471651 ], [ 0.666304799265355, 46.882465832826547 ], [ 0.666233615724927, 46.882188080315252 ], [ 0.666149941371839, 46.881861838553569 ], [ 0.666137102646059, 46.881812261410779 ], [ 0.666136761261938, 46.881811038457663 ], [ 0.666125587022799, 46.88175028053012 ], [ 0.666095082439329, 46.881589416047113 ], [ 0.66605315571699, 46.881364410705793 ], [ 0.66592996613118, 46.880653144938265 ], [ 0.665924327332439, 46.880620294346983 ], [ 0.665920657978632, 46.880598461122631 ], [ 0.665918924806462, 46.88058882020632 ], [ 0.665912557936131, 46.880551727919254 ], [ 0.666062053442543, 46.879960748372127 ], [ 0.666083224065667, 46.87990848278136 ], [ 0.666093762794746, 46.879883429958774 ], [ 0.666102872731592, 46.879860835729218 ], [ 0.666117246854555, 46.879826257054013 ], [ 0.666117476417838, 46.879824615996696 ], [ 0.666117592771305, 46.879824327418149 ], [ 0.6661274235241, 46.879753508018204 ], [ 0.66620080287685, 46.87922894183275 ], [ 0.666302650834265, 46.878781190988647 ], [ 0.666322324562631, 46.878695539777297 ], [ 0.66635529801464, 46.87855231085998 ], [ 0.66643398877149, 46.878336004005561 ], [ 0.666613810415871, 46.877845630662925 ], [ 0.666700910967335, 46.877506433762051 ], [ 0.666705836072293, 46.877487414742276 ], [ 0.666732319720161, 46.877384993976165 ], [ 0.666749374795661, 46.877318457780262 ], [ 0.666900007541916, 46.87694550514491 ], [ 0.667031820995188, 46.876620053340424 ], [ 0.667081185022316, 46.876439840845954 ], [ 0.667164852559042, 46.876136245524911 ], [ 0.66716532192265, 46.876134498542648 ], [ 0.667184307755193, 46.875767100476786 ], [ 0.667192282156841, 46.875618635655037 ], [ 0.667195251636528, 46.87556010967748 ], [ 0.667197647526578, 46.875515471538726 ], [ 0.66743205102755, 46.875227472426452 ], [ 0.667514958924398, 46.874675181092194 ], [ 0.667526785902823, 46.874204570116198 ], [ 0.667530039932477, 46.874090438881794 ], [ 0.66753005156586, 46.874090168887584 ], [ 0.667609926383852, 46.873873441522889 ], [ 0.66779653051979, 46.873365406779591 ], [ 0.667849799558079, 46.873144221863335 ], [ 0.667978911358623, 46.872607728763164 ], [ 0.668118025456536, 46.87228721679741 ], [ 0.668142908945457, 46.872229509002395 ], [ 0.668178118392609, 46.872148454996228 ], [ 0.668628721499431, 46.871689183560719 ], [ 0.668632506398139, 46.871675422646177 ], [ 0.668641432122055, 46.871644132429374 ], [ 0.668655927373572, 46.871591190697025 ], [ 0.668712366569395, 46.871387769651662 ], [ 0.668752223948967, 46.871249138186457 ], [ 0.668813283731755, 46.871039054915826 ], [ 0.668822575221353, 46.871006277935237 ], [ 0.668945609324938, 46.870583154359707 ], [ 0.669169658584826, 46.870124837539677 ], [ 0.669194050924205, 46.870075153618927 ], [ 0.669195770979596, 46.870071810573116 ], [ 0.669344386541819, 46.869768243840042 ], [ 0.670211962607514, 46.868836084045064 ], [ 0.670548665578449, 46.868455794244284 ], [ 0.670551330289355, 46.86845270119759 ], [ 0.670628998228753, 46.868365316604581 ], [ 0.671061049350015, 46.868000241283831 ], [ 0.671562855574538, 46.867478941389599 ], [ 0.67196214775444, 46.866928542955279 ], [ 0.67243030530767, 46.866181367183891 ], [ 0.672746001471458, 46.865467137562561 ], [ 0.673051661588478, 46.864943092864657 ], [ 0.673161655133339, 46.864755423407175 ], [ 0.673333015714363, 46.864490143866234 ], [ 0.673349508898999, 46.864464529620044 ], [ 0.673711399831411, 46.863905808506885 ], [ 0.673960179814238, 46.863314377946402 ], [ 0.67397920548287, 46.863269334683352 ], [ 0.674094557152226, 46.862996166334469 ], [ 0.674094615143595, 46.86299481635583 ], [ 0.6741102646718, 46.862887310803295 ], [ 0.674110305265404, 46.862886365818241 ], [ 0.674259755493039, 46.861846838082826 ], [ 0.674262164331919, 46.861836618014493 ], [ 0.674433672103043, 46.861081412499971 ], [ 0.674437116656925, 46.861065945344706 ], [ 0.674442429123712, 46.861042631265889 ], [ 0.674461794694156, 46.86093370483156 ], [ 0.674525148594579, 46.86058428080996 ], [ 0.674525154392384, 46.860584145811998 ], [ 0.674557617043151, 46.860406179563874 ], [ 0.67458783566443, 46.860240969012111 ], [ 0.674641590414555, 46.859952223047962 ], [ 0.674690105233208, 46.859250604484743 ], [ 0.674471791752405, 46.858340921208729 ], [ 0.674254897769733, 46.857642946405129 ], [ 0.674132126073961, 46.857213217945549 ], [ 0.674052148979563, 46.856930664396714 ], [ 0.673928120866075, 46.856399731585739 ], [ 0.673918895172486, 46.856360017694975 ], [ 0.673918725731255, 46.856359267184914 ], [ 0.67391775822884, 46.856355123479737 ], [ 0.673867748515552, 46.856139845330347 ], [ 0.673683932571914, 46.855528110402808 ], [ 0.673632280236661, 46.854896527745588 ], [ 0.673614903964764, 46.854139530171906 ], [ 0.673663394934321, 46.853900515086877 ], [ 0.673676411696996, 46.853838655573107 ], [ 0.673688866392571, 46.853777970306112 ], [ 0.673713758302748, 46.853657004759569 ], [ 0.673746524673052, 46.853288531792067 ], [ 0.673789269383763, 46.852981197581094 ], [ 0.673845634136717, 46.852576855540789 ], [ 0.673976528532741, 46.852353993875127 ], [ 0.674004390016311, 46.852306370092414 ], [ 0.674312163347867, 46.851784600749951 ], [ 0.674395697349561, 46.851245827182019 ], [ 0.674427042228112, 46.850485310034038 ], [ 0.674401695142284, 46.849549887063695 ], [ 0.674401830869991, 46.84954975592192 ], [ 0.674475310666497, 46.849416260635927 ], [ 0.674474618060469, 46.849416246637368 ], [ 0.674475654200857, 46.849414375964187 ], [ 0.674375857073232, 46.849200677829003 ], [ 0.674658064810914, 46.848346145776134 ], [ 0.674907410520403, 46.847828737922235 ], [ 0.675173337104888, 46.847383726239023 ], [ 0.675489298442253, 46.846935221011918 ], [ 0.675823505584624, 46.846428533457043 ], [ 0.676056471699954, 46.845955830892926 ], [ 0.676389123085376, 46.845485141191297 ], [ 0.676777328742055, 46.844790379730526 ], [ 0.676916489185952, 46.844545477785367 ], [ 0.677012405923351, 46.844115044527584 ], [ 0.677069354037365, 46.843827947703332 ], [ 0.677142897997792, 46.843153854400406 ], [ 0.677232915256427, 46.842340474028894 ], [ 0.677356372015498, 46.841757465274291 ], [ 0.677398814812283, 46.841226867061323 ], [ 0.677400905367454, 46.840749500389016 ], [ 0.67751718101071, 46.840211384916017 ], [ 0.67763306848945, 46.839682269174062 ], [ 0.677380716166611, 46.839199765414229 ], [ 0.677264004821951, 46.838278621440573 ], [ 0.677261859839713, 46.837440859905165 ], [ 0.677228543933688, 46.836809646461283 ], [ 0.67720992634919, 46.836111171728355 ], [ 0.677276243695923, 46.83551349693353 ], [ 0.677452877214819, 46.834791941266758 ], [ 0.677577929983598, 46.834569272906869 ], [ 0.677707034191644, 46.834098973630709 ], [ 0.677673483349977, 46.833503785991141 ], [ 0.677650847473302, 46.833021415274118 ], [ 0.677104506722628, 46.832447399856107 ], [ 0.675940787619514, 46.83194648240093 ], [ 0.675085057916199, 46.831609413999089 ], [ 0.674228332051096, 46.831326365338469 ], [ 0.673242026153155, 46.83100465786827 ], [ 0.672530340438353, 46.830706514576697 ], [ 0.67191168281446, 46.830473304024729 ], [ 0.671260676734001, 46.83019890015283 ], [ 0.67062571411546, 46.829704127123385 ], [ 0.66992392995727, 46.829176469402427 ], [ 0.669255628478867, 46.828694524430844 ], [ 0.668654699764546, 46.827867141578068 ], [ 0.668470430007986, 46.827422025152018 ], [ 0.668255984283086, 46.826458349163325 ], [ 0.668102014195676, 46.825919264400305 ], [ 0.668216232369491, 46.825155918623068 ], [ 0.66855047842854, 46.824707801921761 ], [ 0.668915844185646, 46.824237795626381 ], [ 0.669317317223898, 46.823660426587722 ], [ 0.669682906342965, 46.823154391392265 ], [ 0.67014862966113, 46.82269992659743 ], [ 0.670766737406664, 46.82202785582929 ], [ 0.671048648923822, 46.821605695654256 ], [ 0.671292812422114, 46.821115212069365 ], [ 0.671477585358612, 46.820632533226807 ], [ 0.671829763224769, 46.820040646109916 ], [ 0.6723142589209, 46.819239753438971 ], [ 0.672813313334959, 46.818466176835329 ], [ 0.673139021568371, 46.817756649047652 ], [ 0.673312740283863, 46.817255728131954 ], [ 0.673678151061413, 46.816537994415313 ], [ 0.673843633505752, 46.815739649096081 ], [ 0.673991735333949, 46.81476529998551 ], [ 0.674128694712919, 46.813714158921975 ], [ 0.67414001263067, 46.812930709891262 ], [ 0.674089045149308, 46.812375699539707 ], [ 0.673787547481186, 46.811788597307029 ], [ 0.673486042904221, 46.811354626517748 ], [ 0.67313551754769, 46.810748514496581 ], [ 0.672868299270888, 46.810310731720854 ], [ 0.672400450716815, 46.809504070518685 ], [ 0.672299500001619, 46.80895255043918 ], [ 0.672765716261993, 46.808299914427842 ], [ 0.672703053669192, 46.807681611000078 ], [ 0.672681721049271, 46.806681312009431 ], [ 0.672678817743464, 46.806046202336134 ], [ 0.672727351485024, 46.805313047841537 ], [ 0.672660374210681, 46.804703664299808 ], [ 0.672391357631681, 46.80409469404681 ], [ 0.672058299388145, 46.803633055207172 ], [ 0.6716242399789, 46.803232424401735 ], [ 0.671239605693162, 46.802841800839374 ], [ 0.670672021816984, 46.802190745834594 ], [ 0.670103784758726, 46.801616240993198 ], [ 0.669919379007672, 46.801054017597203 ], [ 0.669668653462226, 46.800386859203819 ], [ 0.669517470767641, 46.799906378862147 ], [ 0.669418389622121, 46.799526040800103 ], [ 0.66970667049915, 46.799838151695937 ], [ 0.669647945765353, 46.798976712433912 ], [ 0.669859646782576, 46.798201825620509 ], [ 0.670037801683601, 46.797719013341435 ], [ 0.670199605840303, 46.797006169357886 ], [ 0.670360502853564, 46.796405904785018 ], [ 0.670372536624447, 46.795820638680638 ], [ 0.670376238203211, 46.7944830482257 ], [ 0.670166031620814, 46.793911292958143 ], [ 0.669944442267524, 46.793451904553251 ], [ 0.66971284707737, 46.792920249884773 ], [ 0.669408859173999, 46.792486213129379 ], [ 0.668920047322814, 46.791958348459886 ], [ 0.668264289142008, 46.791409078926549 ], [ 0.667393611904436, 46.791008577433232 ], [ 0.66662132833292, 46.790668617843941 ], [ 0.665888411045962, 46.790297924757517 ], [ 0.665133486019609, 46.790133960861183 ], [ 0.664095475703261, 46.789874159933191 ], [ 0.662824669575978, 46.789569080143302 ], [ 0.662056028257114, 46.789328249620034 ], [ 0.661014360073439, 46.788667494488578 ], [ 0.660593120244803, 46.78821753385764 ], [ 0.659782934599816, 46.787268721521485 ], [ 0.659377157174117, 46.786521809833729 ], [ 0.658971237032755, 46.785991083236304 ], [ 0.658415674702614, 46.785281651768798 ], [ 0.657927517182009, 46.784803292747284 ], [ 0.657490365400684, 46.784389026546215 ], [ 0.657036483797022, 46.783906858020316 ], [ 0.656364340556214, 46.783438252284164 ], [ 0.655691962740184, 46.783005669244055 ], [ 0.655139780810374, 46.782674621890621 ], [ 0.654250961197113, 46.782183565604193 ], [ 0.653279370577566, 46.781726843516672 ], [ 0.652658416731807, 46.781349339406255 ], [ 0.652054415886234, 46.780913626492016 ], [ 0.651534304984398, 46.780569704128354 ], [ 0.650700849724405, 46.779922111123419 ], [ 0.650198391305893, 46.779231736968448 ], [ 0.650433320304131, 46.77856094437616 ], [ 0.651195815890656, 46.778121631459612 ], [ 0.651976250161171, 46.777691688208286 ], [ 0.65269134605803, 46.777377508463687 ], [ 0.653817890523294, 46.777008670767231 ], [ 0.654520787259206, 46.776703238839218 ], [ 0.655002866301431, 46.776379784462307 ], [ 0.655545833190186, 46.775557629684599 ], [ 0.655554843265246, 46.774742594542879 ], [ 0.655301004962608, 46.774214953906963 ], [ 0.654896318351513, 46.773810345036388 ], [ 0.654092029693304, 46.773217417243103 ], [ 0.653603381956063, 46.772784065169461 ], [ 0.652479434101318, 46.772004437438568 ], [ 0.651741646854299, 46.771511938236259 ], [ 0.651187625106376, 46.771135790601463 ], [ 0.650717973747661, 46.770779381289294 ], [ 0.650213071585723, 46.770359193119198 ], [ 0.649508574265963, 46.769795295549706 ], [ 0.649019993960178, 46.769361923615243 ], [ 0.648298326371009, 46.768892250426234 ], [ 0.647813134424345, 46.768562534096368 ], [ 0.647006803255259, 46.767838895084523 ], [ 0.646434018631302, 46.767322714555334 ], [ 0.646031207159992, 46.766877573796542 ], [ 0.64560882490542, 46.766188814396507 ], [ 0.645235833282324, 46.76551007351911 ], [ 0.645062437290352, 46.764763358901803 ], [ 0.645035915744154, 46.764226838950691 ], [ 0.645159012405572, 46.763625826018895 ], [ 0.645249190937975, 46.763118722220298 ], [ 0.645453953767406, 46.762568926982347 ], [ 0.645507952188871, 46.76168724897699 ], [ 0.645681918779322, 46.761091782012457 ], [ 0.646123490064232, 46.759947806212793 ], [ 0.646403765930732, 46.75953017285817 ], [ 0.646716500728703, 46.759059155803122 ], [ 0.647212685373904, 46.758528839680302 ], [ 0.647940211108687, 46.757832106807882 ], [ 0.648503243424967, 46.757361706330485 ], [ 0.649232715694539, 46.75671004562124 ], [ 0.649994883843651, 46.756180657582497 ], [ 0.650951008901254, 46.755560647615383 ], [ 0.651692290966918, 46.755301061755944 ], [ 0.652276036008822, 46.755047259212226 ], [ 0.653165348791851, 46.754637553852618 ], [ 0.653848369827423, 46.75430019605642 ], [ 0.654496699983736, 46.754007165886733 ], [ 0.655462201147422, 46.75377465507421 ], [ 0.656460522824151, 46.753601357934492 ], [ 0.657342971418339, 46.753470728775333 ], [ 0.658275031355093, 46.753314080498797 ], [ 0.658974773718445, 46.753256281495531 ], [ 0.659741586895398, 46.753253892805553 ], [ 0.660462956825098, 46.75324156535698 ], [ 0.661115943352182, 46.753295400645634 ], [ 0.66231299267655, 46.75343687494027 ], [ 0.663346699290423, 46.753475925962555 ], [ 0.664465771016155, 46.753602279226101 ], [ 0.665068867230932, 46.753749660938389 ], [ 0.666074649949267, 46.753828655374782 ], [ 0.667235193095089, 46.753874752519444 ], [ 0.668354028090262, 46.753915487221036 ], [ 0.669706252942935, 46.754014994163441 ], [ 0.670689914702434, 46.753998915757904 ], [ 0.671073251040346, 46.753984169520834 ], [ 0.672007604158156, 46.754048151432791 ], [ 0.673475432485322, 46.754019341901682 ], [ 0.674375215254207, 46.753911453573224 ], [ 0.675307386170063, 46.753781694004182 ], [ 0.676339997301952, 46.753662966971859 ], [ 0.678220300162871, 46.753183037498751 ], [ 0.679019152157081, 46.752982993711157 ], [ 0.680266946022857, 46.752643382326347 ], [ 0.681380848921702, 46.752247007308142 ], [ 0.682095330462017, 46.752027223473611 ], [ 0.682777298262036, 46.751770747685221 ], [ 0.684004825653165, 46.751106403246439 ], [ 0.684900082488931, 46.750457868497442 ], [ 0.686159758839784, 46.749591472281423 ], [ 0.686806457631432, 46.749208152272409 ], [ 0.687403324803919, 46.748886880605319 ], [ 0.687984056184481, 46.748605816639461 ], [ 0.68879781781244, 46.748176305598911 ], [ 0.689761150914535, 46.747619183568538 ], [ 0.690541098613437, 46.747306082982917 ], [ 0.691488310153579, 46.746942292386592 ], [ 0.692170522039419, 46.746708287316203 ], [ 0.693101235203919, 46.746362168005589 ], [ 0.693881116146599, 46.746080571638842 ], [ 0.694777957007063, 46.745729254972133 ], [ 0.6955937728277, 46.74540332925374 ], [ 0.697068367982826, 46.745054579499453 ], [ 0.698476445752157, 46.744821580340954 ], [ 0.699870161301251, 46.744525221428503 ], [ 0.700686156965752, 46.74437942127107 ], [ 0.701767573190486, 46.744216408030553 ], [ 0.703000143817096, 46.744011369058676 ], [ 0.703683078975784, 46.743943956934132 ], [ 0.704475465741001, 46.743829185588034 ], [ 0.705360349296843, 46.743572131604793 ], [ 0.706178855576863, 46.743273209759813 ], [ 0.707057768005153, 46.742970984511743 ], [ 0.708452759918771, 46.742300723323474 ], [ 0.709150381535083, 46.74203990377346 ], [ 0.709837862257928, 46.741832924878295 ], [ 0.710592146819116, 46.741564219035652 ], [ 0.711543772092289, 46.741245394410484 ], [ 0.712958081911821, 46.740953794041538 ], [ 0.713757727575668, 46.740789561370484 ], [ 0.714439903187213, 46.740645504680202 ], [ 0.71555396696849, 46.740419958879166 ], [ 0.716653225667763, 46.740234643225442 ], [ 0.716913325353778, 46.74034340496349 ], [ 0.717465373488421, 46.740084145478264 ], [ 0.718181962592643, 46.739900215821585 ], [ 0.718965344050949, 46.739654553965146 ], [ 0.719618355257802, 46.73942431347669 ], [ 0.720902469748913, 46.738985906330363 ], [ 0.721987763119484, 46.738539036982523 ], [ 0.722790254051151, 46.738118076659518 ], [ 0.723541628064442, 46.737822206708969 ], [ 0.72445965237506, 46.737457572421718 ], [ 0.72526174212049, 46.737014067973718 ], [ 0.725862718866003, 46.736742227024706 ], [ 0.726649852295209, 46.736217346863967 ], [ 0.727168906609247, 46.735930365583926 ], [ 0.727971564929169, 46.735315706147681 ], [ 0.728690154672862, 46.734987627620427 ], [ 0.729726732657502, 46.734355064194567 ], [ 0.730560314117082, 46.734002224731462 ], [ 0.731614801622619, 46.73337900670866 ], [ 0.732117183096086, 46.732988085004123 ], [ 0.73256849236894, 46.732659207055136 ], [ 0.733399450158475, 46.732117132509053 ], [ 0.734028232991601, 46.731647628190039 ], [ 0.734958995512688, 46.731224613751287 ], [ 0.735661228462058, 46.730846627710712 ], [ 0.736563364528516, 46.730355477793914 ], [ 0.73765061923293, 46.729759875896583 ], [ 0.738670345175769, 46.72918094950797 ], [ 0.739355718485908, 46.728577415405155 ], [ 0.740040116236556, 46.72828012232501 ], [ 0.740891306404032, 46.727846487272622 ], [ 0.741494728268446, 46.72744850688467 ], [ 0.742374133769526, 46.726871292129424 ], [ 0.743289052557692, 46.726038047860762 ], [ 0.74371013596001, 46.725519370865911 ], [ 0.744142616484224, 46.725041451314141 ], [ 0.744605378931134, 46.724433512662955 ], [ 0.745427485675169, 46.723625452048495 ], [ 0.745904430570669, 46.722990763751241 ], [ 0.746179073485146, 46.722559280160475 ], [ 0.746480072829891, 46.722092282346189 ], [ 0.746762184246799, 46.721638424670438 ], [ 0.747050456739559, 46.721099113551553 ], [ 0.747687574826447, 46.720296414543206 ], [ 0.748110233010213, 46.719453473955042 ], [ 0.748580004325697, 46.718800618992844 ], [ 0.749702569885736, 46.717849794661468 ], [ 0.750072118531847, 46.717339093153896 ], [ 0.750725242134067, 46.716685320067015 ], [ 0.751159854218743, 46.716374060950095 ], [ 0.751644561290144, 46.716054773835168 ], [ 0.752462211670316, 46.715760020488837 ], [ 0.753595406363568, 46.715435406845067 ], [ 0.754899838824049, 46.715181690087029 ], [ 0.755901789571258, 46.714926548748039 ], [ 0.756945397986331, 46.714582135558423 ], [ 0.75783156211965, 46.714117536794852 ], [ 0.758581306637111, 46.713879964627765 ], [ 0.759449522951059, 46.713500576771942 ], [ 0.760100350089602, 46.713216025164357 ], [ 0.76120235416728, 46.712692559334286 ], [ 0.761737249923227, 46.712360698558619 ], [ 0.762637905432646, 46.711860315663188 ], [ 0.763088526582334, 46.711666425683823 ], [ 0.763673887431626, 46.711380578468521 ], [ 0.764524114609669, 46.71108637632954 ], [ 0.765473777934776, 46.710794104166339 ], [ 0.766490361621923, 46.710530149890012 ], [ 0.767240071440255, 46.710418630044515 ], [ 0.768572209404358, 46.710250873520316 ], [ 0.769570166691101, 46.710184699887172 ], [ 0.770969239379976, 46.710076766737707 ], [ 0.771917700792407, 46.710099688479509 ], [ 0.772615336866786, 46.710171780709146 ], [ 0.77394628023052, 46.710256154560007 ], [ 0.774613422085278, 46.710273596896585 ], [ 0.775332534985794, 46.710301050495119 ], [ 0.776107895161739, 46.71029806263423 ], [ 0.776889981921052, 46.710290695996541 ], [ 0.778122952158352, 46.71001731988067 ], [ 0.778493225803151, 46.709384942506652 ], [ 0.77848081244692, 46.708664087497645 ], [ 0.778252257799372, 46.708137217151624 ], [ 0.77815235104834, 46.707986656072656 ], [ 0.778119950103505, 46.707882440349138 ], [ 0.77815805667133, 46.707239128438289 ], [ 0.779227423522014, 46.706705854985948 ], [ 0.780409866729671, 46.706481020320147 ], [ 0.781258250428282, 46.706195669172779 ], [ 0.781859773700317, 46.705991113466681 ], [ 0.782477757696979, 46.705543665464369 ], [ 0.782996501999136, 46.705121320072188 ], [ 0.782864106872971, 46.705028685370529 ], [ 0.782800928075171, 46.704491507775316 ], [ 0.782588989937561, 46.703973974766846 ], [ 0.782358966982781, 46.703514641662792 ], [ 0.78180241034485, 46.702747238754704 ], [ 0.781057666890057, 46.702259935981054 ], [ 0.780223872567079, 46.701901516948006 ], [ 0.780107189400274, 46.701809182703116 ], [ 0.779543238712652, 46.701672163296465 ], [ 0.77887910585573, 46.701519690333072 ], [ 0.777966531287564, 46.701263317930092 ], [ 0.777268907553488, 46.701033621406289 ], [ 0.776338936009022, 46.700722852476311 ], [ 0.775426553223716, 46.700430432209096 ], [ 0.774295957829391, 46.700255376086155 ], [ 0.773484093068274, 46.699874812544415 ], [ 0.772853898120977, 46.699502273264862 ], [ 0.772108709619507, 46.698996885552148 ], [ 0.771729862036666, 46.698561661838923 ], [ 0.771384063420582, 46.698055016810009 ], [ 0.771489604400348, 46.69720583624099 ], [ 0.771493432036271, 46.69663391962473 ], [ 0.771364060704376, 46.69614949303007 ], [ 0.77133441667942, 46.695531887401231 ], [ 0.771272778139175, 46.69483259052398 ], [ 0.771215727785591, 46.694340560579306 ], [ 0.770903756907079, 46.693393190871227 ], [ 0.770273600676894, 46.692511698272774 ], [ 0.769533104622345, 46.691384847234104 ], [ 0.769103872614978, 46.690935121433782 ], [ 0.768724337835971, 46.69045483330283 ], [ 0.768230589742315, 46.689855221048411 ], [ 0.767851638515135, 46.689392956486508 ], [ 0.767273962368675, 46.688670101726636 ], [ 0.766661082342012, 46.687721364134205 ], [ 0.766240339723069, 46.68687544967127 ], [ 0.765845077243036, 46.686174153861742 ], [ 0.7655997371859, 46.685646924460414 ], [ 0.765334993031813, 46.685177866910777 ], [ 0.76527010656021, 46.685036982311701 ], [ 0.765289036871417, 46.684704063377069 ], [ 0.765343935016725, 46.684133139018726 ], [ 0.765515329328121, 46.683339289525556 ], [ 0.765684386208733, 46.682793108139663 ], [ 0.766087141615265, 46.68219743146264 ], [ 0.766660353128991, 46.681339343020184 ], [ 0.766996377830706, 46.68071083681135 ], [ 0.767270983110238, 46.680207243023389 ], [ 0.767750596645391, 46.67987428256307 ], [ 0.768486752217693, 46.679222031662107 ], [ 0.769123503593293, 46.678567842882813 ], [ 0.770174951045621, 46.677885682700357 ], [ 0.771293095103751, 46.6772678637601 ], [ 0.771408709750746, 46.677225071452867 ], [ 0.771677460733499, 46.677086168868861 ], [ 0.772327185902463, 46.676720463948868 ], [ 0.773082638830194, 46.676361312297054 ], [ 0.773977314920341, 46.676117455170811 ], [ 0.775325519464134, 46.675823838842753 ], [ 0.776191831813894, 46.67566498831944 ], [ 0.776875196330666, 46.675403499922993 ], [ 0.777331501304358, 46.67499798714244 ], [ 0.777818698583365, 46.674412916073955 ], [ 0.77793303320791, 46.673825123255739 ], [ 0.77798688681088, 46.673308220564742 ], [ 0.778106893523192, 46.672837638280058 ], [ 0.778293177203194, 46.672314293278212 ], [ 0.778361796631253, 46.67182019578906 ], [ 0.778466007852746, 46.671191671278571 ], [ 0.778504491950709, 46.670602408356544 ], [ 0.778541792509315, 46.669914037033038 ], [ 0.778545399498171, 46.669409672102582 ], [ 0.77849838227779, 46.668895318667367 ], [ 0.778853974159748, 46.667942879603437 ], [ 0.77914262654102, 46.667187313957911 ], [ 0.779544199457053, 46.666614089591455 ], [ 0.780045966197347, 46.666182424047015 ], [ 0.780847710571492, 46.66551785641731 ], [ 0.781234264581088, 46.665151514440346 ], [ 0.782182720946325, 46.664674435789216 ], [ 0.782933974680297, 46.664252087260905 ], [ 0.783535487688579, 46.663907909456512 ], [ 0.784766778738828, 46.663841626016946 ], [ 0.785727130123652, 46.664098880639514 ], [ 0.78648991670366, 46.664388344414711 ], [ 0.78736856928284, 46.664756604611675 ], [ 0.788246078441689, 46.665313998347202 ], [ 0.789174988944224, 46.665669701877285 ], [ 0.790470669382284, 46.665951395762264 ], [ 0.791431660896939, 46.666226629056737 ], [ 0.79206349836973, 46.666423455031264 ], [ 0.793207927212766, 46.666499531164682 ], [ 0.794241332709247, 46.666280709359008 ], [ 0.794840115792221, 46.666067032790977 ], [ 0.795810490795448, 46.665175910038094 ], [ 0.796029322379844, 46.664716218818953 ], [ 0.796198864543088, 46.664278099206641 ], [ 0.796202824840773, 46.663728704455167 ], [ 0.79602268954636, 46.663234321435311 ], [ 0.795577654101056, 46.66265827989961 ], [ 0.795135907826242, 46.66219489620903 ], [ 0.794781635484981, 46.661800750966066 ], [ 0.794257705606188, 46.661106085764239 ], [ 0.793448686017751, 46.660279823414676 ], [ 0.792822891386838, 46.659452578177884 ], [ 0.792615320728852, 46.658926133236683 ], [ 0.79213558877137, 46.657885509624464 ], [ 0.791923212965692, 46.657187823299758 ], [ 0.791895230371843, 46.656363075520076 ], [ 0.792048041838815, 46.655789522647815 ], [ 0.792503568439316, 46.654816449986718 ], [ 0.793155008912567, 46.654108371757538 ], [ 0.793558038392397, 46.65355764881086 ], [ 0.794142902455788, 46.652974392419289 ], [ 0.79479559887058, 46.652459996137836 ], [ 0.795361979853195, 46.652106075837693 ], [ 0.796163296668505, 46.651603537880185 ], [ 0.796997548933339, 46.650998038446659 ], [ 0.798271254781872, 46.650328912364152 ], [ 0.799472969668691, 46.649401670222659 ], [ 0.799786744888924, 46.648759135971815 ], [ 0.799923103445334, 46.648266327523942 ], [ 0.800054810095741, 46.647791445109256 ], [ 0.800173594493377, 46.647280283596771 ], [ 0.800250230733788, 46.64645304221785 ], [ 0.800220265036495, 46.645997576240511 ], [ 0.80018953919326, 46.645528583999528 ], [ 0.800078073207213, 46.644792313685009 ], [ 0.799947660019284, 46.644330415669117 ], [ 0.799821267444001, 46.643413703354121 ], [ 0.799458837229735, 46.642803226673955 ], [ 0.798815503925094, 46.642250408671821 ], [ 0.797970444830459, 46.64177027732061 ], [ 0.797091241071836, 46.64148765388596 ], [ 0.796478487839105, 46.641246177411162 ], [ 0.795847686399655, 46.641062900938884 ], [ 0.795156899155571, 46.640810908734942 ], [ 0.794576620976314, 46.640543023152318 ], [ 0.793710505869733, 46.640035430512384 ], [ 0.793017886802269, 46.63937803970785 ], [ 0.792921340033945, 46.638921287784811 ], [ 0.7931265584706, 46.638150570542869 ], [ 0.793377705090679, 46.637601427808143 ], [ 0.794148272838151, 46.636756018529148 ], [ 0.794568150919055, 46.636205616944707 ], [ 0.79502873988548, 46.635683020528923 ], [ 0.795743703942161, 46.634917601363718 ], [ 0.796338130245061, 46.634221922476961 ], [ 0.796676315519265, 46.63378253998151 ], [ 0.797459329811933, 46.633176055129915 ], [ 0.798213905345329, 46.632141149535713 ], [ 0.798582811841971, 46.631652809259236 ], [ 0.799267748331297, 46.631012901424789 ], [ 0.799835997719075, 46.630541897103967 ], [ 0.800604512503557, 46.629709919262226 ], [ 0.801672449114547, 46.628942231618844 ], [ 0.802139607873236, 46.628577370316073 ], [ 0.802658011045112, 46.628141427723335 ], [ 0.803158989745397, 46.627651102250113 ], [ 0.804628726898634, 46.626418183137432 ], [ 0.805046854618341, 46.62597130129884 ], [ 0.805531352609098, 46.625467138680918 ], [ 0.805899674611557, 46.625055331096647 ], [ 0.806482318741257, 46.624710679844831 ], [ 0.80706865737072, 46.624176933474487 ], [ 0.80762029207107, 46.623660535764046 ], [ 0.808105612820244, 46.622940192375495 ], [ 0.808107128970848, 46.622480825587836 ], [ 0.808246859335406, 46.621641272888077 ], [ 0.808233567822854, 46.621127576156248 ], [ 0.808402727845671, 46.620563322918741 ], [ 0.808523113432859, 46.619944089924402 ], [ 0.808378029959469, 46.619553980840109 ], [ 0.808868385231424, 46.618869761870783 ], [ 0.809431343158459, 46.618362580554404 ], [ 0.809807825459236, 46.617973436727553 ], [ 0.81048999804316, 46.617459521683301 ], [ 0.811289358601762, 46.616956849399337 ], [ 0.812038719597231, 46.616624364319684 ], [ 0.812970627963264, 46.616043142254036 ], [ 0.813668922463347, 46.615777230178495 ], [ 0.814691108565235, 46.615193213600165 ], [ 0.815686105642966, 46.614667220232221 ], [ 0.816731886138322, 46.614178217367133 ], [ 0.817178207455933, 46.613610226539301 ], [ 0.817265570883743, 46.612801193709132 ], [ 0.816873801029427, 46.612010053952908 ], [ 0.816378080678412, 46.611334031877867 ], [ 0.815768648781048, 46.610300032708302 ], [ 0.815506023582633, 46.609646465986053 ], [ 0.81504443937353, 46.608935057011095 ], [ 0.815081136430532, 46.608314221227268 ], [ 0.815215406913546, 46.607834866837365 ], [ 0.815221704050119, 46.606506341346453 ], [ 0.815070515316205, 46.605877417559121 ], [ 0.814984086701104, 46.605263240483737 ], [ 0.815154805205101, 46.604266634412141 ], [ 0.815521481604585, 46.603760185254195 ], [ 0.816336821747291, 46.60311366152466 ], [ 0.816552007081315, 46.602473708289679 ], [ 0.816602769742068, 46.601925201939267 ], [ 0.816323670159205, 46.601487507916175 ], [ 0.81591089034398, 46.600961690057041 ], [ 0.815120483372464, 46.59952338530136 ], [ 0.815157132312318, 46.598871020299853 ], [ 0.815658137961115, 46.597979798788444 ], [ 0.815893202414477, 46.597430303348531 ], [ 0.816778063280394, 46.596253644299146 ], [ 0.817211666975139, 46.595770985570951 ], [ 0.817727927888474, 46.595312419886099 ], [ 0.818228563752099, 46.594754468741193 ], [ 0.818744900891066, 46.59422834183745 ], [ 0.819212238933162, 46.593750822421612 ], [ 0.819777315348529, 46.593279665948245 ], [ 0.82072661634684, 46.592676198953221 ], [ 0.82162682463372, 46.591797053435101 ], [ 0.822177453037013, 46.591163470951344 ], [ 0.82247819877563, 46.590570173349747 ], [ 0.822185289540333, 46.589596267134851 ], [ 0.821756472455253, 46.588917031203351 ], [ 0.821391319031463, 46.588540765341463 ], [ 0.820845777659972, 46.588134041997193 ], [ 0.820351302191325, 46.587561643914185 ], [ 0.819709646520802, 46.586554067118392 ], [ 0.819081155994677, 46.585609791393054 ], [ 0.818421379921817, 46.584957668926158 ], [ 0.817546112056589, 46.583945626789358 ], [ 0.816821044457011, 46.582967968600322 ], [ 0.816208864533869, 46.582303227783662 ], [ 0.815298613477062, 46.582002116229326 ], [ 0.814736696121301, 46.581680622894552 ], [ 0.814240053774833, 46.581067618828961 ], [ 0.813761336438575, 46.580463962435317 ], [ 0.813465801356748, 46.580048462758874 ], [ 0.813218952491683, 46.579494270909613 ], [ 0.812922042274178, 46.579015688536366 ], [ 0.812542901172469, 46.578535534085475 ], [ 0.81214736450291, 46.577910939620978 ], [ 0.811752716224393, 46.577394454492932 ], [ 0.811142354764135, 46.576590096827587 ], [ 0.810694362525198, 46.576198697303028 ], [ 0.810149196859327, 46.575625280310298 ], [ 0.809769998280435, 46.575212673152365 ], [ 0.809275943985336, 46.57479786666287 ], [ 0.808613340921016, 46.574384335397376 ], [ 0.807670341190874, 46.57383031270836 ], [ 0.807028391403766, 46.573520757578926 ], [ 0.806424264017369, 46.573180395976529 ], [ 0.805599349432592, 46.572808775210966 ], [ 0.804824413043651, 46.572266957321169 ], [ 0.804477691278053, 46.571827930360378 ], [ 0.804312634556403, 46.571613079650845 ], [ 0.803717362808867, 46.571151266572095 ], [ 0.802773809773856, 46.570678261406769 ], [ 0.801498868986105, 46.57029346645627 ], [ 0.800587841607616, 46.570050768166617 ], [ 0.799793127908519, 46.569774266731173 ], [ 0.798797378717442, 46.569624508122487 ], [ 0.797984780097272, 46.569725981178266 ], [ 0.797569934983774, 46.569713495911429 ], [ 0.797569438405897, 46.569712855804504 ], [ 0.797569862711584, 46.569712053258591 ], [ 0.797570270631906, 46.5697116557524 ], [ 0.797312607610873, 46.569378225028231 ], [ 0.79710858026088, 46.56911379043536 ], [ 0.796564848735213, 46.568287479881789 ], [ 0.796475809513702, 46.568202667975221 ], [ 0.796148687669864, 46.567891542802975 ], [ 0.79595815649506, 46.567710193346549 ], [ 0.795762175439479, 46.567566706882737 ], [ 0.795741629202916, 46.56755158329414 ], [ 0.795455478091459, 46.567341637997046 ], [ 0.795370232827441, 46.567279327897268 ], [ 0.794780192294303, 46.566920301494058 ], [ 0.794124444204986, 46.566587569746488 ], [ 0.793691022271682, 46.566366944545486 ], [ 0.793691027742749, 46.566366809532312 ], [ 0.793507143787134, 46.566273140682789 ], [ 0.792801895614724, 46.565963362750367 ], [ 0.792794963420476, 46.565960391577086 ], [ 0.792720666869126, 46.565927746393463 ], [ 0.792165182710246, 46.565683547516329 ], [ 0.791531825496343, 46.565253541313979 ], [ 0.791421241774903, 46.565178578491548 ], [ 0.790794750157924, 46.564396175498636 ], [ 0.790518343778649, 46.56414005939012 ], [ 0.790453770666922, 46.564080306356239 ], [ 0.790327272171102, 46.563963148307465 ], [ 0.790249854488755, 46.563891662063263 ], [ 0.789730501110579, 46.563443443158249 ], [ 0.789622245854219, 46.563349877015327 ], [ 0.789621870808638, 46.563349464415495 ], [ 0.789610469114438, 46.563331138285783 ], [ 0.789112289388616, 46.56253539403243 ], [ 0.788921938319068, 46.562283097904825 ], [ 0.788760578173937, 46.562069465092634 ], [ 0.788544881078601, 46.561756415480431 ], [ 0.788517855102081, 46.561717654589245 ], [ 0.788472352072326, 46.561651512855406 ], [ 0.788219572971551, 46.561286941233533 ], [ 0.78802488510984, 46.561006589941961 ], [ 0.787956726663322, 46.560909878550817 ], [ 0.787838197250037, 46.560741526232675 ], [ 0.787616329528248, 46.560426328527498 ], [ 0.787615949032467, 46.560426050933906 ], [ 0.787580408865924, 46.560375099598531 ], [ 0.787000360996274, 46.559300902862162 ], [ 0.78692931922133, 46.559043883724776 ], [ 0.78685831104028, 46.558786054452845 ], [ 0.786106236400932, 46.557752303919152 ], [ 0.786088434953481, 46.557727638083804 ], [ 0.785952250362659, 46.557540971057541 ], [ 0.785672821000426, 46.557196820705713 ], [ 0.785540386638125, 46.557033601311048 ], [ 0.785423672713341, 46.556878793118535 ], [ 0.785352663171066, 46.556784997362072 ], [ 0.785211047241359, 46.556597143261932 ], [ 0.785057329810429, 46.556437159543265 ], [ 0.784781846072198, 46.556150373676317 ], [ 0.784387703281836, 46.555881962999329 ], [ 0.784120869018653, 46.555700465700234 ], [ 0.783882166111072, 46.555491948181164 ], [ 0.783477006170223, 46.55513833070836 ], [ 0.783110144051076, 46.554777481575535 ], [ 0.782939517559306, 46.554609735592315 ], [ 0.782915797740374, 46.554586170611081 ], [ 0.782915411812751, 46.554586028014427 ], [ 0.782864986075249, 46.554554514033164 ], [ 0.782749998415816, 46.554482699572304 ], [ 0.7822938825518, 46.554197541616013 ], [ 0.781977981048572, 46.554009277884902 ], [ 0.781974154831038, 46.554007041809406 ], [ 0.781691147594452, 46.553838331556612 ], [ 0.78120247289706, 46.553496868577064 ], [ 0.781169713241098, 46.553474073759062 ], [ 0.781083646175317, 46.553413627861282 ], [ 0.781083254759783, 46.553413620271328 ], [ 0.781031463547296, 46.553377214652194 ], [ 0.781031072132032, 46.55337720706207 ], [ 0.780994103592146, 46.5533231179583 ], [ 0.780853248901406, 46.553117166620844 ], [ 0.780504631638076, 46.55260735508385 ], [ 0.780504659149905, 46.552606680019522 ], [ 0.780607049059661, 46.551987791447424 ], [ 0.780982922702651, 46.55171322172491 ], [ 0.781076583217124, 46.551644910939018 ], [ 0.781589322200253, 46.551270167298924 ], [ 0.782116068405098, 46.551061079306443 ], [ 0.782216002875211, 46.551021399460843 ], [ 0.782652760406082, 46.550848128106864 ], [ 0.783019260856872, 46.550572424517163 ], [ 0.783152195609931, 46.550472579480768 ], [ 0.783301703335218, 46.550350490404796 ], [ 0.783420828371376, 46.550253079929149 ], [ 0.783951588936631, 46.549819763188431 ], [ 0.784201363774121, 46.549457075374335 ], [ 0.784205100484189, 46.549451878076376 ], [ 0.784369122213268, 46.549213595751787 ], [ 0.784461322540895, 46.549132823062514 ], [ 0.784461724910559, 46.54913256061463 ], [ 0.784968612401384, 46.548688643217169 ], [ 0.785318933103414, 46.548299659566901 ], [ 0.785458670414523, 46.548128600592271 ], [ 0.785740209061037, 46.547783819720514 ], [ 0.785785957060161, 46.547727954871931 ], [ 0.786073028145617, 46.547487862755077 ], [ 0.78625183590798, 46.547338367258924 ], [ 0.786535248864453, 46.547101446133318 ], [ 0.786535645722258, 46.547101318691389 ], [ 0.786553568356663, 46.54708437012733 ], [ 0.786650092524059, 46.546993410345472 ], [ 0.786792646090168, 46.54685888657265 ], [ 0.787118478601914, 46.54655144155938 ], [ 0.787601624222942, 46.546083408084037 ], [ 0.788134608189044, 46.545593501007403 ], [ 0.78813502148037, 46.545592968519657 ], [ 0.788491062544841, 46.545216382212729 ], [ 0.788566774627099, 46.545136233534578 ], [ 0.788567187910732, 46.54513570104524 ], [ 0.788967842690345, 46.544711602919165 ], [ 0.789131663954544, 46.544496686018377 ], [ 0.789351748851707, 46.544207864790096 ], [ 0.789401825565295, 46.544141678037136 ], [ 0.789652867921878, 46.543852373459764 ], [ 0.789748180494281, 46.543742741341681 ], [ 0.789772828251465, 46.543714437078627 ], [ 0.78986897233802, 46.543603604855896 ], [ 0.790236271281851, 46.543055088881665 ], [ 0.790553721146673, 46.542596003983157 ], [ 0.790927518032118, 46.542466346297289 ], [ 0.79133427589665, 46.542325433250916 ], [ 0.79234560146737, 46.542361572497263 ], [ 0.792592918575034, 46.542356886247873 ], [ 0.792593309912736, 46.542356893798498 ], [ 0.793373291840968, 46.542341808819977 ], [ 0.793714928098029, 46.54222273677491 ], [ 0.793829730573931, 46.542182793446727 ], [ 0.794187253367135, 46.542058216250879 ], [ 0.794951804307023, 46.541708268037091 ], [ 0.795085078272515, 46.541647330674657 ], [ 0.795982101513481, 46.541236557959493 ], [ 0.796128644085475, 46.541157363722071 ], [ 0.796696790802353, 46.540850371783961 ], [ 0.79696979541437, 46.540713889334533 ], [ 0.797707262506247, 46.54034516070692 ], [ 0.798226077332004, 46.540085854649945 ], [ 0.798232534945002, 46.540081114646739 ], [ 0.798331393811813, 46.540009107111381 ], [ 0.798511368833849, 46.539877721793914 ], [ 0.799095251544689, 46.539451981348357 ], [ 0.799826420034935, 46.538966916067189 ], [ 0.800364575585345, 46.538625685202575 ], [ 0.800438115532569, 46.538579267067377 ], [ 0.800438528650452, 46.538578734534532 ], [ 0.80076881044751, 46.538274310794733 ], [ 0.800870909862429, 46.538180068836489 ], [ 0.801254571715866, 46.537688178956337 ], [ 0.801456467742769, 46.537081186450138 ], [ 0.801378781188503, 46.536027251596721 ], [ 0.800875329270914, 46.535723014758332 ], [ 0.80086156980094, 46.535714643099162 ], [ 0.800861183960019, 46.535714500562555 ], [ 0.800370366881918, 46.535417530463867 ], [ 0.799798721559116, 46.534678650367965 ], [ 0.799550121405684, 46.534357284388385 ], [ 0.799348800567937, 46.534096685156705 ], [ 0.799299657860113, 46.534014262880788 ], [ 0.798871484878747, 46.533291649492817 ], [ 0.798648009229094, 46.532687960207994 ], [ 0.798590631121856, 46.532324871572683 ], [ 0.798543286474137, 46.532023590345467 ], [ 0.79851547993549, 46.531849291839301 ], [ 0.798491127535153, 46.53134726050429 ], [ 0.798474499507567, 46.531002926841737 ], [ 0.798474140984577, 46.531002109225653 ], [ 0.798411003732023, 46.530752544793593 ], [ 0.798274835984442, 46.530217283592592 ], [ 0.798095369562316, 46.529668352266881 ], [ 0.798076908820109, 46.529611652128239 ], [ 0.798031235330671, 46.529356343183728 ], [ 0.797996789374085, 46.529162324288933 ], [ 0.797947587835997, 46.528887760408509 ], [ 0.797920796343288, 46.528804686689718 ], [ 0.797670319296815, 46.528026981327258 ], [ 0.79755664595992, 46.52782670747078 ], [ 0.797423624444988, 46.527591740558542 ], [ 0.796978920587625, 46.526960275313918 ], [ 0.796581329059953, 46.526761557499093 ], [ 0.796169152397122, 46.526555666109886 ], [ 0.795936119206389, 46.526441323467388 ], [ 0.795905030845097, 46.526425861220275 ], [ 0.795326100792822, 46.526141761688216 ], [ 0.795325720497128, 46.526141484118476 ], [ 0.795268983338651, 46.526111609962932 ], [ 0.795268217285153, 46.526111189837245 ], [ 0.794581264294327, 46.525748931674251 ], [ 0.794176701432829, 46.525510075291493 ], [ 0.793830642326619, 46.525305855598404 ], [ 0.793606187209062, 46.525173297184892 ], [ 0.793407528947497, 46.525051505113318 ], [ 0.792912030733334, 46.524747788640006 ], [ 0.792536126316953, 46.52455569011255 ], [ 0.792496619355118, 46.524535470334939 ], [ 0.792432561838234, 46.524502751012889 ], [ 0.792052434105834, 46.524308677626706 ], [ 0.791635536582519, 46.523862705299642 ], [ 0.791161982581564, 46.523356184346369 ], [ 0.791127256619713, 46.523304978850526 ], [ 0.791048550327506, 46.52318941757553 ], [ 0.790953225643338, 46.523049213678213 ], [ 0.79049322240055, 46.522372970600159 ], [ 0.79001366325848, 46.521358682856864 ], [ 0.789786762869526, 46.520659646417343 ], [ 0.789786768345675, 46.520659511403252 ], [ 0.78973421670727, 46.520497703026827 ], [ 0.789543161625151, 46.519658293417208 ], [ 0.789507289725757, 46.519500320400049 ], [ 0.789491311378977, 46.519382727413202 ], [ 0.789346935156972, 46.518319244661924 ], [ 0.789323558495041, 46.518017340024713 ], [ 0.789323591357226, 46.518016529939935 ], [ 0.789303304102582, 46.517754275166155 ], [ 0.789284719987244, 46.517517590982713 ], [ 0.78933787276506, 46.517124068059523 ], [ 0.78934570401158, 46.517066117839384 ], [ 0.789355948774165, 46.51698727067113 ], [ 0.789371061191376, 46.516875278073329 ], [ 0.789357081787908, 46.516312773337091 ], [ 0.789357087264684, 46.516312638322937 ], [ 0.789297091928722, 46.516170413142262 ], [ 0.789285670540532, 46.516143168325776 ], [ 0.789235691147343, 46.516024242267079 ], [ 0.78920927113061, 46.515961441132504 ], [ 0.789111441011985, 46.515729034858751 ], [ 0.788854598469722, 46.515257499006928 ], [ 0.788792298223802, 46.515143198779015 ], [ 0.78879191256005, 46.515143056201175 ], [ 0.788717228647845, 46.515005951398052 ], [ 0.788538603057588, 46.514777521982381 ], [ 0.788535638304078, 46.514773411041119 ], [ 0.788338388814666, 46.514521650665912 ], [ 0.787783681840631, 46.513635206558014 ], [ 0.787732222802591, 46.513552868627833 ], [ 0.787598792659547, 46.51333949953694 ], [ 0.787575723615321, 46.513242442238194 ], [ 0.787513596051605, 46.512979377164449 ], [ 0.787452841744741, 46.51272106781358 ], [ 0.787465928765167, 46.512524045517743 ], [ 0.78748061460634, 46.512306921238014 ], [ 0.787486463697462, 46.512220692588492 ], [ 0.787506097557254, 46.511929888390739 ], [ 0.787508279401352, 46.511905068484872 ], [ 0.78756326728176, 46.511292956805946 ], [ 0.787563702241487, 46.511291884260196 ], [ 0.787698249013843, 46.510995466484353 ], [ 0.787792809735792, 46.510787319178711 ], [ 0.787792815215888, 46.510787184164464 ], [ 0.787925195725342, 46.510495858801171 ], [ 0.788112355776431, 46.510224239620207 ], [ 0.788386470377555, 46.509825667659392 ], [ 0.788411817840327, 46.509789405241406 ], [ 0.788680567691353, 46.509387891336118 ], [ 0.788778903632665, 46.509240890647604 ], [ 0.78887315826472, 46.509097999680833 ], [ 0.78890608159516, 46.509048641886416 ], [ 0.789027030737866, 46.5088651904804 ], [ 0.789179640988294, 46.508634518606073 ], [ 0.789402646482879, 46.508289409579717 ], [ 0.78950288782514, 46.508133932582282 ], [ 0.789626480612196, 46.50794310009023 ], [ 0.789830715380981, 46.507626408014353 ], [ 0.789901577952587, 46.507268763386733 ], [ 0.789930646515898, 46.50712136863681 ], [ 0.789956189031386, 46.506993363034098 ], [ 0.790000561385121, 46.506767759229845 ], [ 0.790000583282018, 46.50676721917214 ], [ 0.789798671572555, 46.505993941327567 ], [ 0.789772907988538, 46.505895751311847 ], [ 0.789706866046473, 46.505738816004992 ], [ 0.789478376028652, 46.505196484543418 ], [ 0.789035355499599, 46.504346928962235 ], [ 0.788973952305223, 46.504201162691174 ], [ 0.788917873186807, 46.504068876261293 ], [ 0.788808636128732, 46.503809494367601 ], [ 0.788740444828958, 46.503647787559473 ], [ 0.788352675415228, 46.502826051151693 ], [ 0.788352686371045, 46.50282578112283 ], [ 0.788244114858211, 46.502463314527617 ], [ 0.788180349483125, 46.502250482267229 ], [ 0.788114517719005, 46.502030718831065 ], [ 0.788066367807948, 46.501818864202249 ], [ 0.78801222040784, 46.501581220606298 ], [ 0.788002214850677, 46.501538464064076 ], [ 0.787929500747132, 46.50121830790993 ], [ 0.787855269991907, 46.500858396906587 ], [ 0.787829809619236, 46.500733593384552 ], [ 0.787791840464594, 46.500550581101351 ], [ 0.787724570730918, 46.500337410384709 ], [ 0.787566352287841, 46.499838861515187 ], [ 0.787494555476139, 46.499563717787069 ], [ 0.787440694643306, 46.499357697489117 ], [ 0.787371572473603, 46.499093820409449 ], [ 0.787238459651882, 46.4987964108131 ], [ 0.787192166158911, 46.498693228445013 ], [ 0.78702713725812, 46.49832412730548 ], [ 0.7866155116745, 46.497783107188155 ], [ 0.78617065653295, 46.49741493674135 ], [ 0.785797608349595, 46.497099906567108 ], [ 0.785673507791221, 46.496995216318105 ], [ 0.785655347977674, 46.496979866145033 ], [ 0.785626216288704, 46.496955250341486 ], [ 0.785603245929729, 46.496923457369512 ], [ 0.785247307519856, 46.496428235432809 ], [ 0.785097345692581, 46.496035506538448 ], [ 0.785067633477154, 46.495957776880594 ], [ 0.785001960277071, 46.495811654899811 ], [ 0.784881048795542, 46.495541907931468 ], [ 0.784789176140157, 46.495337581523877 ], [ 0.784788790626941, 46.495337438932062 ], [ 0.784072151113514, 46.495062089832729 ], [ 0.783945780972939, 46.495013428652996 ], [ 0.783848820941264, 46.494943988444469 ], [ 0.783384925307816, 46.494612054760303 ], [ 0.782981631143211, 46.494531673444946 ], [ 0.782799975132009, 46.494495450720649 ], [ 0.78278212124027, 46.49449186150261 ], [ 0.782391638235475, 46.494414023627755 ], [ 0.782055510099623, 46.494289000936142 ], [ 0.781599114066008, 46.494119350294 ], [ 0.781581381240006, 46.494112790573389 ], [ 0.781581386733805, 46.494112655559043 ], [ 0.781029157464451, 46.493942223567359 ], [ 0.78098510680627, 46.49392853191523 ], [ 0.78054495395423, 46.493792567150457 ], [ 0.779869147628558, 46.493553250278353 ], [ 0.779868756642839, 46.49355324268415 ], [ 0.778958428176163, 46.493230994641891 ], [ 0.778364293408095, 46.492639373334086 ], [ 0.778325932026736, 46.492601334278 ], [ 0.778152388484493, 46.492155033876159 ], [ 0.778096424717155, 46.492011258064686 ], [ 0.77793349704446, 46.491592593176605 ], [ 0.777345210375025, 46.490647061962868 ], [ 0.777286095928073, 46.490551868017711 ], [ 0.777161601092429, 46.490352034793837 ], [ 0.777161232147484, 46.490351487133665 ], [ 0.777144954691904, 46.490338063807862 ], [ 0.776997659515207, 46.490217643604318 ], [ 0.776683401872981, 46.489960205457109 ], [ 0.776202296583307, 46.489591828523778 ], [ 0.776091512949856, 46.489506843624262 ], [ 0.775858179594867, 46.489327996749424 ], [ 0.775828456255243, 46.489298907735567 ], [ 0.775610196055015, 46.489086303063075 ], [ 0.775396827126249, 46.488878522384574 ], [ 0.775309773358132, 46.488777783979302 ], [ 0.775050871524854, 46.488477774245695 ], [ 0.774969904103359, 46.488352561942619 ], [ 0.774886740136577, 46.488223658530863 ], [ 0.774425239360554, 46.487787824201185 ], [ 0.774424859438681, 46.487787546560121 ], [ 0.774214747769518, 46.487461865856822 ], [ 0.774101800245542, 46.48728630534282 ], [ 0.773899417062305, 46.486972665166981 ], [ 0.773899042660882, 46.486972252510022 ], [ 0.77389905919717, 46.486971847467714 ], [ 0.773890575167334, 46.486949657417838 ], [ 0.773890228326714, 46.486948569690377 ], [ 0.773763382141936, 46.486605592798206 ], [ 0.773703466571643, 46.486444036474651 ], [ 0.773703092175331, 46.486443623817017 ], [ 0.773682220621719, 46.486284044127572 ], [ 0.773650489513565, 46.486045477047576 ], [ 0.773639751146349, 46.485963519352488 ], [ 0.773771604831865, 46.485608826606814 ], [ 0.773842800919806, 46.485417395063017 ], [ 0.773844541012405, 46.485413105070009 ], [ 0.773925400730368, 46.485195783265219 ], [ 0.773930885950308, 46.485166838984178 ], [ 0.773973274643852, 46.484952686317953 ], [ 0.774027007637485, 46.484681057709594 ], [ 0.774027057241416, 46.484679842582139 ], [ 0.774097995381287, 46.484552183220067 ], [ 0.774100120835221, 46.484548035850629 ], [ 0.77415841067921, 46.484442695395558 ], [ 0.774311319963648, 46.484166242154657 ], [ 0.774653404511491, 46.483855773671479 ], [ 0.774713128092116, 46.483801536801188 ], [ 0.774876712073144, 46.483652982073551 ], [ 0.774876973197363, 46.483653255860368 ], [ 0.775160309598163, 46.483357000892383 ], [ 0.775709519139382, 46.482840717924837 ], [ 0.776112212725086, 46.481983777684185 ], [ 0.776546257843839, 46.481285087865267 ], [ 0.776665134710124, 46.481064500726241 ], [ 0.776813068969272, 46.480792311209854 ], [ 0.776969266810782, 46.480348232950362 ], [ 0.777014823123494, 46.480219132315248 ], [ 0.777140794030154, 46.479854322618451 ], [ 0.777217029798663, 46.479634746813517 ], [ 0.777239909789013, 46.47928455164066 ], [ 0.777242845072641, 46.479240245186254 ], [ 0.777271282257733, 46.478821965442769 ], [ 0.777289992048867, 46.478362916309237 ], [ 0.77729553317608, 46.478198166429159 ], [ 0.777298278558528, 46.478121210014443 ], [ 0.777301805485618, 46.478015478483471 ], [ 0.777309239344498, 46.477813886678064 ], [ 0.777305542021086, 46.477635859735791 ], [ 0.777299497555066, 46.477352257229825 ], [ 0.777295546817984, 46.47716125367743 ], [ 0.777271691491729, 46.476777179640024 ], [ 0.777265182472771, 46.476668145072665 ], [ 0.777265298284325, 46.476646952418598 ], [ 0.777268225972404, 46.476209556738162 ], [ 0.777105597581257, 46.475656898812169 ], [ 0.776997648539692, 46.475327005074398 ], [ 0.776941980329561, 46.475154171246963 ], [ 0.776884000482225, 46.475021975270479 ], [ 0.776549019872883, 46.474257965641343 ], [ 0.776380718416649, 46.473905536207191 ], [ 0.776336035469114, 46.473811838066169 ], [ 0.776209407858111, 46.473646146715275 ], [ 0.776121223946276, 46.473530870694923 ], [ 0.775974511472166, 46.473337821323213 ], [ 0.7758588474889, 46.473209135294098 ], [ 0.775858770525248, 46.473208959407025 ], [ 0.775513527233121, 46.472821870927916 ], [ 0.774855070936394, 46.472029937713664 ], [ 0.774832546737706, 46.471997204957468 ], [ 0.774742527331982, 46.471864383683972 ], [ 0.77451491572459, 46.471528091441108 ], [ 0.774245869567906, 46.471162480815011 ], [ 0.774214005244942, 46.471119026467072 ], [ 0.774177875341292, 46.471065084631832 ], [ 0.77412718332712, 46.470988858831433 ], [ 0.773901634199082, 46.470649067593008 ], [ 0.773769152417425, 46.470390930009458 ], [ 0.773655920845208, 46.470168786158382 ], [ 0.773314092183175, 46.469478543214016 ], [ 0.77324689650822, 46.469342517081252 ], [ 0.773246651585287, 46.469342153330324 ], [ 0.773192149660534, 46.469095296151913 ], [ 0.773130366116099, 46.468815027041678 ], [ 0.773082854364981, 46.468599257142046 ], [ 0.773052169308367, 46.468460842395942 ], [ 0.773052143491431, 46.468460552371447 ], [ 0.773052176093471, 46.468459753842779 ], [ 0.773044656718378, 46.468375696565865 ], [ 0.773034486144532, 46.468260779811857 ], [ 0.773027082583574, 46.468173887227174 ], [ 0.772989717851101, 46.467747930190711 ], [ 0.773044712299462, 46.467363954199016 ], [ 0.77309391125903, 46.467025572461239 ], [ 0.773144574344242, 46.466867597610765 ], [ 0.773179923445958, 46.466758086076617 ], [ 0.773277996331081, 46.466453811290577 ], [ 0.773300365894699, 46.466336961436312 ], [ 0.773308177597378, 46.466296330019034 ], [ 0.773346877337916, 46.466098161622384 ], [ 0.773365766181604, 46.465571554140496 ], [ 0.773351099636943, 46.465090187023087 ], [ 0.773339923939078, 46.464706810333475 ], [ 0.773337160102644, 46.464621224249356 ], [ 0.77333717663633, 46.464620819205649 ], [ 0.773332196772583, 46.464599102626529 ], [ 0.773280742086856, 46.464374607948962 ], [ 0.77327811741397, 46.464362260689164 ], [ 0.773143014492042, 46.463772657272962 ], [ 0.773058193133554, 46.463618315955209 ], [ 0.772848483382556, 46.463237372411946 ], [ 0.772814600526822, 46.46317644741125 ], [ 0.772773539442517, 46.46305187508937 ], [ 0.772737001727468, 46.462941038264312 ], [ 0.772645779048925, 46.462665772648229 ], [ 0.772643214390035, 46.462658070430059 ], [ 0.772636846514877, 46.462638709195346 ], [ 0.773001394440047, 46.462330531672698 ], [ 0.773700053153436, 46.461884734724933 ], [ 0.774363366133119, 46.461474277595727 ], [ 0.775144759501455, 46.460949010899164 ], [ 0.775660080328898, 46.460459095047263 ], [ 0.776093500780835, 46.459931550057931 ], [ 0.776343851869265, 46.459449984711476 ], [ 0.776477180263604, 46.459312954040968 ], [ 0.777141743549606, 46.458902505969668 ], [ 0.777757421985818, 46.458283916272443 ], [ 0.778507138431687, 46.457510288125505 ], [ 0.779304533334209, 46.456845679813881 ], [ 0.780682206252945, 46.456174325999278 ], [ 0.781411074230257, 46.456039851271697 ], [ 0.782265603840086, 46.456020413292826 ], [ 0.783136559899619, 46.456077856701619 ], [ 0.783908969694653, 46.456218958602676 ], [ 0.785084190473381, 46.456358858670129 ], [ 0.786766332577544, 46.456630179175043 ], [ 0.789062323873532, 46.456485473383147 ], [ 0.78977023240266, 46.456224426682759 ], [ 0.791561910889101, 46.45533575255444 ], [ 0.7921582798654, 46.454995966175645 ], [ 0.792542118747709, 46.454593517061362 ], [ 0.793189306805863, 46.454092562168576 ], [ 0.793706289179539, 46.45342694328555 ], [ 0.793857813965654, 46.452902897261836 ], [ 0.793992434392078, 46.452410052848073 ], [ 0.794060788537753, 46.451879896111656 ], [ 0.794197741179863, 46.451297015664466 ], [ 0.794596351915491, 46.4508182767877 ], [ 0.795129153498222, 46.45021151006096 ], [ 0.79625700387956, 46.449940515170489 ], [ 0.797165491689049, 46.450034609764259 ], [ 0.797910926370152, 46.450035472658243 ], [ 0.798738252901665, 46.450073941349594 ], [ 0.799863125350571, 46.450005535390154 ], [ 0.801299301331024, 46.44965034971078 ], [ 0.801825291430879, 46.449016397980579 ], [ 0.802371675462979, 46.448328788055832 ], [ 0.802836095295618, 46.447896328628843 ], [ 0.804330716976076, 46.446961210839916 ], [ 0.805011883578728, 46.446582454232924 ], [ 0.805706164064529, 46.446460675248005 ], [ 0.806848532167414, 46.446473610681011 ], [ 0.807990214304342, 46.446536065772285 ], [ 0.808767544174136, 46.446650071479496 ], [ 0.810108398926833, 46.446815415049542 ], [ 0.810917208571277, 46.446957033696037 ], [ 0.811627855357145, 46.447141805783737 ], [ 0.812438015196088, 46.447314967470746 ], [ 0.81329922581055, 46.447547652971807 ], [ 0.813976071068502, 46.447763291029354 ], [ 0.815795807447698, 46.448077356474059 ], [ 0.816722348891665, 46.448176144796697 ], [ 0.817483480852208, 46.448109620425072 ], [ 0.81837825144888, 46.447960067771554 ], [ 0.819650949687481, 46.448299652324884 ], [ 0.820329491149421, 46.448506276432674 ], [ 0.821651971035031, 46.448644108233516 ], [ 0.823060713334556, 46.448351185028748 ], [ 0.824582350620924, 46.448560338757154 ], [ 0.825309627615157, 46.44862373331194 ], [ 0.826204658831127, 46.448532676494985 ], [ 0.827960351505336, 46.448264312521118 ], [ 0.829167988205345, 46.448471936723898 ], [ 0.829878228802358, 46.44870162583544 ], [ 0.831086161353285, 46.448967786856784 ], [ 0.831961471960987, 46.449110517680928 ], [ 0.832938592659834, 46.449052494312284 ], [ 0.833178969362833, 46.448381457685826 ], [ 0.832968645877394, 46.447508198386622 ], [ 0.832963998524405, 46.44670640108945 ], [ 0.833331595561921, 46.446145873666701 ], [ 0.833964032545626, 46.445446241089982 ], [ 0.834230659507518, 46.445032427349723 ], [ 0.835028591348319, 46.444200808174912 ], [ 0.835376618519628, 46.443639903673521 ], [ 0.835726634123226, 46.443160107563997 ], [ 0.836176548126827, 46.442691211361463 ], [ 0.836642261121159, 46.441889318168208 ], [ 0.836826766793289, 46.441442415210084 ], [ 0.836877104243189, 46.440961442690053 ], [ 0.836475051556106, 46.439796302435838 ], [ 0.836315924919679, 46.439405944824628 ], [ 0.83558155180986, 46.438144423534816 ], [ 0.835162966887383, 46.437298746962803 ], [ 0.834859271255318, 46.43641471118454 ], [ 0.834372595575631, 46.435315516445442 ], [ 0.834086205659839, 46.434422798148354 ], [ 0.833980067339719, 46.433321810857819 ], [ 0.833830591224173, 46.432328096814857 ], [ 0.833652198854933, 46.431275281749727 ], [ 0.833336285845638, 46.430733311785069 ], [ 0.832935787765712, 46.430320351175958 ], [ 0.832486059141359, 46.429703774557922 ], [ 0.83190055735413, 46.428602689842343 ], [ 0.832424588306858, 46.427675808793481 ], [ 0.832947146610333, 46.427113721395244 ], [ 0.833391642800313, 46.426581678290269 ], [ 0.833624822121222, 46.426122191701381 ], [ 0.83373729422463, 46.425421702413296 ], [ 0.833798411101216, 46.424702222537839 ], [ 0.833829234959415, 46.424220879664169 ], [ 0.8338251163961, 46.423635281756987 ], [ 0.833968613272582, 46.422809268882183 ], [ 0.834064228455198, 46.42204089930366 ], [ 0.8340925673162, 46.421293773131715 ], [ 0.834185437760071, 46.420101975291303 ], [ 0.834348293316574, 46.419411449108793 ], [ 0.834817233728597, 46.418753753070526 ], [ 0.835070826007544, 46.418073955070383 ], [ 0.835193330025544, 46.417053870435304 ], [ 0.834178813425414, 46.416066264340238 ], [ 0.833612823687028, 46.415460994786542 ], [ 0.833938145013179, 46.414647440287951 ], [ 0.834816064103952, 46.413659705034242 ], [ 0.835524121619133, 46.41294799046819 ], [ 0.836188997812721, 46.412438133224228 ], [ 0.837156687313773, 46.411812403097912 ], [ 0.838302925605515, 46.411248599075243 ], [ 0.839113326774853, 46.410745985808582 ], [ 0.839804085329405, 46.409975366668313 ], [ 0.839781889792361, 46.409186746876209 ], [ 0.839364530223176, 46.408314078343217 ], [ 0.839012192364117, 46.407411111164024 ], [ 0.838559601407457, 46.406573803849426 ], [ 0.838290836439908, 46.405830056717363 ], [ 0.838153500152969, 46.405088798593709 ], [ 0.838347899675948, 46.404421384611268 ], [ 0.838739350499181, 46.403446926262859 ], [ 0.839082874869812, 46.402926463508393 ], [ 0.840435178911266, 46.402019735166753 ], [ 0.8408615382056, 46.40147831506227 ], [ 0.841120567349779, 46.40049233565167 ], [ 0.841397100783789, 46.399425614796058 ], [ 0.841423680959477, 46.398588373196809 ], [ 0.841051656866587, 46.397887718277566 ], [ 0.840418304401537, 46.397276700169492 ], [ 0.839711780464485, 46.396475124603157 ], [ 0.839337943700971, 46.395887029072682 ], [ 0.839038284674253, 46.395201248857333 ], [ 0.839001465098295, 46.394651062448581 ], [ 0.839345274736476, 46.393792804114177 ], [ 0.840976410463419, 46.392742720459495 ], [ 0.842232525264186, 46.392451203322295 ], [ 0.843687416844287, 46.392334581761851 ], [ 0.84454743662462, 46.392215712762592 ], [ 0.84580375618239, 46.39195118475255 ], [ 0.846000961214309, 46.391869332113288 ], [ 0.846627697351124, 46.391525347131399 ], [ 0.84753440702161, 46.39094792944622 ], [ 0.848324969187347, 46.39047641032402 ], [ 0.849611839908372, 46.389798050064996 ], [ 0.850585607712831, 46.389334472948299 ], [ 0.850567621440782, 46.389162982300853 ], [ 0.850382164887913, 46.388682064595123 ], [ 0.849867496799746, 46.38833006214513 ], [ 0.849286969851962, 46.38803086362131 ], [ 0.848787861082803, 46.387548533413401 ], [ 0.848304368105809, 46.386967407381185 ], [ 0.848101493190342, 46.386301492785009 ], [ 0.847899985210027, 46.385766219474959 ], [ 0.847944728931488, 46.384960847466701 ], [ 0.848074795831902, 46.384666037076677 ], [ 0.848520048358068, 46.384399691484582 ], [ 0.849178423617846, 46.383844602805503 ], [ 0.849766563345813, 46.383585450565775 ], [ 0.850463069959618, 46.383350857455788 ], [ 0.851123436537683, 46.3829759554948 ], [ 0.851722592075715, 46.382469281207406 ], [ 0.85219213946889, 46.381915123679306 ], [ 0.85265212599004, 46.381041000673221 ], [ 0.85283026032545, 46.38054891441945 ], [ 0.852992430378458, 46.380065535419817 ], [ 0.853006318177406, 46.379480277332377 ], [ 0.852920133901129, 46.379023751434126 ], [ 0.852718896911622, 46.378447955621219 ], [ 0.852484275591886, 46.377993138727213 ], [ 0.852068996352572, 46.377498887334198 ], [ 0.851733773899865, 46.377087214121282 ], [ 0.851202830375049, 46.376721396706046 ], [ 0.850587469342426, 46.376218865798151 ], [ 0.850154423022765, 46.37564770386755 ], [ 0.84991976900237, 46.375062264180244 ], [ 0.849577823596571, 46.374326168847603 ], [ 0.849299964075941, 46.373582272732641 ], [ 0.848929362927741, 46.372715018411931 ], [ 0.848575913312126, 46.371776021994201 ], [ 0.848173415452409, 46.370827090685133 ], [ 0.847904993557362, 46.370241008546841 ], [ 0.847668019301835, 46.369385278508133 ], [ 0.847464624541872, 46.368503157493691 ], [ 0.84721135174452, 46.367665134447414 ], [ 0.847009093730483, 46.366886625923421 ], [ 0.846920970330113, 46.366150807971863 ], [ 0.846828948187115, 46.365514004533402 ], [ 0.846821267010244, 46.364883297497933 ], [ 0.846834271105014, 46.364388101433839 ], [ 0.84699089072301, 46.363913633071512 ], [ 0.84715276766145, 46.363470791876118 ], [ 0.847530003584048, 46.363077056026256 ], [ 0.848105214436858, 46.362479870627141 ], [ 0.848682127281414, 46.361905234696174 ], [ 0.849291536257846, 46.361430297243899 ], [ 0.849884154120489, 46.361018096254071 ], [ 0.850543131751804, 46.36063867136447 ], [ 0.851844042850843, 46.359915521596761 ], [ 0.852652081622321, 46.359417284923559 ], [ 0.853455577216782, 46.358603676703197 ], [ 0.85372328666003, 46.358180835560411 ], [ 0.853854533968678, 46.357687865219731 ], [ 0.854078424396181, 46.357088542228993 ], [ 0.854303193310958, 46.356466715339742 ], [ 0.854944420848406, 46.355708595774011 ], [ 0.855522843528122, 46.355124947839066 ], [ 0.855819537446857, 46.354725167412667 ], [ 0.856700963590893, 46.353845443547037 ], [ 0.857391851479138, 46.353245884913406 ], [ 0.857901056309896, 46.352800548983843 ], [ 0.858642152842422, 46.352246966592766 ], [ 0.859019008791442, 46.351659515928731 ], [ 0.859164117360405, 46.351076720510903 ], [ 0.85871093653538, 46.350059312629938 ], [ 0.857873642060143, 46.34835458047818 ], [ 0.857041920892741, 46.347438147139201 ], [ 0.856658398729314, 46.347034584098935 ], [ 0.856309800851254, 46.346636180410478 ], [ 0.855942641517861, 46.34614734621276 ], [ 0.855640992482119, 46.345547142736621 ], [ 0.85543800534439, 46.344885738316705 ], [ 0.855219906736914, 46.34427809721867 ], [ 0.854801319861225, 46.343409953884525 ], [ 0.854452518626162, 46.342984515734102 ], [ 0.853688809340405, 46.342492712437689 ], [ 0.852876858502447, 46.342103587445209 ], [ 0.852594749130374, 46.341967656538685 ], [ 0.852379341762592, 46.341855501765565 ], [ 0.85136748742627, 46.341390534684272 ], [ 0.850111171810803, 46.340560625806383 ], [ 0.848807812830131, 46.339770350658526 ], [ 0.847850670393593, 46.339238823126344 ], [ 0.84827605051081, 46.338575754302198 ], [ 0.848604306766747, 46.338000931329184 ], [ 0.848979755922685, 46.337449518295578 ], [ 0.849355897106345, 46.336681923927436 ], [ 0.849666053120828, 46.336070724437114 ], [ 0.850124101863701, 46.335237112722979 ], [ 0.850253734076025, 46.334784651327034 ], [ 0.850302158808798, 46.334578379524594 ], [ 0.850332914616379, 46.334259173784645 ], [ 0.850439267458328, 46.333770240894339 ], [ 0.850521568131298, 46.333132221407205 ], [ 0.850501359575297, 46.332091410076515 ], [ 0.850514432036651, 46.331461092828285 ], [ 0.850625377199309, 46.330855141637215 ], [ 0.850804897022374, 46.330291019862415 ], [ 0.850987697827228, 46.329411677773592 ], [ 0.85079811325637, 46.328709978107902 ], [ 0.85034380913, 46.32789518794015 ], [ 0.850058506075498, 46.327313289793757 ], [ 0.849785732316366, 46.326776667507708 ], [ 0.849772597567717, 46.32631700848917 ], [ 0.849934689316547, 46.325766071129038 ], [ 0.850377135362315, 46.32526095894503 ], [ 0.851366000932488, 46.324946310961238 ], [ 0.852192868281144, 46.324750210007892 ], [ 0.853088614232029, 46.32475357811105 ], [ 0.854239173118795, 46.324559056655083 ], [ 0.854949024666113, 46.324329204255761 ], [ 0.855607059823365, 46.32399477988163 ], [ 0.856266498228211, 46.323624346065898 ], [ 0.85684171665674, 46.323279348700488 ], [ 0.857550908441869, 46.322833275164889 ], [ 0.858504481071111, 46.322189109715424 ], [ 0.859178742155436, 46.321737865989206 ], [ 0.859772948755377, 46.321438251415167 ], [ 0.860546549709554, 46.321105970286652 ], [ 0.861421153530836, 46.320883676236029 ], [ 0.862261483426366, 46.32060668438821 ], [ 0.863400444317023, 46.320339790795408 ], [ 0.864077264437257, 46.320154303896928 ], [ 0.864801729263116, 46.319947185862453 ], [ 0.865512073218251, 46.319735294777054 ], [ 0.866468377934283, 46.319550525343928 ], [ 0.867608845560669, 46.319477290984992 ], [ 0.868881522690279, 46.319681262523432 ], [ 0.870171914142979, 46.319998150871577 ], [ 0.870866529326322, 46.320056172897083 ], [ 0.872222916265786, 46.320013950841023 ], [ 0.873262748861644, 46.319920764519402 ], [ 0.874452034466807, 46.319929444845606 ], [ 0.875772411245969, 46.319809940973599 ], [ 0.876844954973877, 46.319510148318606 ], [ 0.877304744713384, 46.319086331893814 ], [ 0.877680012957289, 46.318327643941551 ], [ 0.877924190714155, 46.317697129133983 ], [ 0.878217786152855, 46.317166622001118 ], [ 0.878494081251733, 46.31654571220399 ], [ 0.878868811709554, 46.315732962831909 ], [ 0.879160467771513, 46.314950193873059 ], [ 0.879652055062711, 46.314274737211669 ], [ 0.879995520813308, 46.313664082251947 ], [ 0.880403599520321, 46.312996076623286 ], [ 0.880598279724282, 46.313004202491875 ], [ 0.880800579812884, 46.31301697375946 ], [ 0.881005303716503, 46.313034293738582 ], [ 0.881206479305294, 46.313042539376582 ], [ 0.881399860761612, 46.313050639716245 ], [ 0.881579650099355, 46.313040471029083 ], [ 0.881740825302238, 46.313007436017749 ], [ 0.881873342503185, 46.312942340049496 ], [ 0.881968282641298, 46.312840513419843 ], [ 0.882038287464165, 46.312711199219656 ], [ 0.882089582901673, 46.312595049132284 ], [ 0.882144775178212, 46.312478971466618 ], [ 0.882226296024709, 46.312354375233063 ], [ 0.882324180976038, 46.312243595096717 ], [ 0.882428560585237, 46.312132935602627 ], [ 0.882536662583783, 46.312026849194488 ], [ 0.882642514559814, 46.311911712895835 ], [ 0.882750441511493, 46.311810127032643 ], [ 0.882843302612097, 46.311694749125479 ], [ 0.882954175114706, 46.311584209846814 ], [ 0.88305153470712, 46.31148693132905 ], [ 0.88316872717482, 46.311381013282066 ], [ 0.883284446048579, 46.311279571729209 ], [ 0.883402762470496, 46.311178178326493 ], [ 0.883524975412705, 46.311076857198884 ], [ 0.883648486886225, 46.310975560070638 ], [ 0.883770698920882, 46.310874238677187 ], [ 0.883894035384509, 46.310777442033086 ], [ 0.884018844475929, 46.310676168628817 ], [ 0.88414607697831, 46.310579444091836 ], [ 0.884275906975852, 46.310482767660723 ], [ 0.884410758341736, 46.310390688326159 ], [ 0.884551930052942, 46.310303230191806 ], [ 0.884704443951501, 46.310224990467042 ], [ 0.884864577186723, 46.310151395998773 ], [ 0.885028258876546, 46.310086875162305 ], [ 0.885207179749502, 46.310031644967722 ], [ 0.885411383599432, 46.309994899746933 ], [ 0.885619310103843, 46.309962727243359 ], [ 0.88581069775765, 46.30992123945871 ], [ 0.885961040210283, 46.309865477722653 ], [ 0.886053972779769, 46.309781626574434 ], [ 0.886090794540901, 46.309669710257417 ], [ 0.886082500682518, 46.309547948787383 ], [ 0.886060788006622, 46.309403418386673 ], [ 0.886025042498074, 46.309285651476038 ], [ 0.885988519962147, 46.309154358177288 ], [ 0.88596351412685, 46.309027782569295 ], [ 0.886965421588161, 46.308496885254812 ], [ 0.887722309797172, 46.308150603696596 ], [ 0.888380380369557, 46.307838517403852 ], [ 0.889038117570843, 46.307332750098112 ], [ 0.889300195888374, 46.306873696452307 ], [ 0.889345287277321, 46.306243974674523 ], [ 0.889344840904964, 46.305514321507815 ], [ 0.889332510985903, 46.304991631228717 ], [ 0.889332058002896, 46.304329537559617 ], [ 0.889110668522938, 46.303330055005745 ], [ 0.888807962613409, 46.302518231898489 ], [ 0.888770372679991, 46.301841937634713 ], [ 0.88903113535293, 46.301315300635181 ], [ 0.889402620121612, 46.300916826391969 ], [ 0.889920862991853, 46.300453510182017 ], [ 0.890393126566768, 46.299935292357574 ], [ 0.891063582459624, 46.299164015689819 ], [ 0.89152447861404, 46.298704134779214 ], [ 0.892460439110653, 46.297955781141695 ], [ 0.893134553826911, 46.297526863237913 ], [ 0.893759393569148, 46.297196117803949 ], [ 0.89431375206567, 46.296873073960661 ], [ 0.89487979183665, 46.296550243441509 ], [ 0.895683471702039, 46.295961562692298 ], [ 0.896620629256607, 46.295280758314107 ], [ 0.897162475612761, 46.294741279357041 ], [ 0.897457324290976, 46.294305333636935 ], [ 0.897868326792573, 46.293484189519212 ], [ 0.898908494212376, 46.292453958913278 ], [ 0.900030807180787, 46.291754024141355 ], [ 0.90114894086391, 46.291094537494146 ], [ 0.901774776133462, 46.290700712892331 ], [ 0.902327450389353, 46.29028301753722 ], [ 0.902705753972017, 46.289735997258099 ], [ 0.903019491343214, 46.289313897999719 ], [ 0.903130733665496, 46.288784478181498 ], [ 0.903190135944288, 46.287776683065175 ], [ 0.903283245193722, 46.287008218855796 ], [ 0.903394174109646, 46.286181531060116 ], [ 0.903487439507627, 46.285341006023771 ], [ 0.903549584322562, 46.284770146091823 ], [ 0.90357565389306, 46.283784256703719 ], [ 0.903669543024068, 46.283096877902835 ], [ 0.903895168475122, 46.28242994012858 ], [ 0.90420554571921, 46.281890673146165 ], [ 0.904449611960535, 46.281318657201723 ], [ 0.904676026266371, 46.280800363585641 ], [ 0.904967034860792, 46.279985996164413 ], [ 0.905006625973624, 46.279257081564509 ], [ 0.90514546480012, 46.278412889843935 ], [ 0.905348109364751, 46.277700487009483 ], [ 0.905474764937191, 46.27700470178857 ], [ 0.905803297390334, 46.276600884105079 ], [ 0.90606146859772, 46.275794918159093 ], [ 0.906731673676786, 46.275050576032619 ], [ 0.90707662310909, 46.274624536992143 ], [ 0.90735389278591, 46.274201756918465 ], [ 0.907889351017729, 46.272869415693577 ], [ 0.907820816118873, 46.272521350604464 ], [ 0.907699731954016, 46.271712914792879 ], [ 0.907330818746111, 46.270931450979575 ], [ 0.906918658486289, 46.27019423026421 ], [ 0.90668405087219, 46.269739519203299 ], [ 0.906723267544714, 46.26901960486358 ], [ 0.907116563903684, 46.268653006810069 ], [ 0.907247880700745, 46.268479766174558 ], [ 0.907426940659009, 46.268212819670772 ], [ 0.908081880590684, 46.267423150748002 ], [ 0.908111242336233, 46.266824662234669 ], [ 0.90739735672326, 46.266370151402668 ], [ 0.906241025853535, 46.266141704979979 ], [ 0.905513999677885, 46.266065274063713 ], [ 0.904671103481467, 46.265928153911197 ], [ 0.903777328590559, 46.2657630666112 ], [ 0.902753331598354, 46.26557305304506 ], [ 0.901894094460909, 46.265422099035561 ], [ 0.90095232873721, 46.26539122411112 ], [ 0.900044834020113, 46.265415021443701 ], [ 0.899004773781954, 46.265373308963945 ], [ 0.898031253996884, 46.265323807766379 ], [ 0.897303904439764, 46.265256326010153 ], [ 0.896642051442621, 46.265005386336931 ], [ 0.896060843800804, 46.264616309681827 ], [ 0.895496602131341, 46.264123951783084 ], [ 0.894998561770686, 46.263632815202683 ], [ 0.894367630546054, 46.263085170010193 ], [ 0.893440456532591, 46.262608606567234 ], [ 0.8927103049697, 46.262243779069237 ], [ 0.891913391078096, 46.261454334399289 ], [ 0.89153142322256, 46.261086939243633 ], [ 0.891082331089075, 46.26057417098405 ], [ 0.890680245422586, 46.259819055927984 ], [ 0.891955830397135, 46.258968913390447 ], [ 0.891688451033049, 46.258189272773961 ], [ 0.891088699680272, 46.257272856878558 ], [ 0.890672457892457, 46.256413886743218 ], [ 0.890189432355662, 46.255670780784719 ], [ 0.889758455845603, 46.255397054018992 ], [ 0.888883094412994, 46.254961946731498 ], [ 0.888103781079569, 46.25446105478057 ], [ 0.887307896423329, 46.253784193251249 ], [ 0.887025529275744, 46.253193429722685 ], [ 0.88682420264081, 46.252757306560127 ], [ 0.886939308854619, 46.252399123200625 ], [ 0.887118352175757, 46.251965558716762 ], [ 0.887592060479491, 46.251298751747498 ], [ 0.887984788137263, 46.250643952050709 ], [ 0.888459251417136, 46.249990667833487 ], [ 0.889049786686344, 46.249357551130956 ], [ 0.88957603007853, 46.248808815342869 ], [ 0.889788661151728, 46.248682142496982 ], [ 0.889905616493139, 46.248612247222248 ], [ 0.890449337271001, 46.247811607418221 ], [ 0.890810678196914, 46.247363401217996 ], [ 0.89121665593019, 46.246767389038176 ], [ 0.891639237714701, 46.246077099100795 ], [ 0.891835701756184, 46.245526746683076 ], [ 0.891683413115845, 46.244996956436658 ], [ 0.891421371552032, 46.244384059950868 ], [ 0.891244448425703, 46.24371869221163 ], [ 0.891094006226333, 46.242905182675983 ], [ 0.891106772868514, 46.242135234093197 ], [ 0.891102247462241, 46.241274884793704 ], [ 0.891318261305449, 46.240486183212617 ], [ 0.891759290644203, 46.239989907568678 ], [ 0.892675816546283, 46.23941686251775 ], [ 0.893351197167524, 46.239037521702883 ], [ 0.89395746791442, 46.238598345688708 ], [ 0.894648483572192, 46.238115694843721 ], [ 0.895221696927994, 46.237657884676509 ], [ 0.895665261598478, 46.237094081713558 ], [ 0.896068427273846, 46.236398913992169 ], [ 0.896291274819071, 46.235835530781962 ], [ 0.896282180068723, 46.235294882356619 ], [ 0.896326433611017, 46.234412916239002 ], [ 0.896601141617467, 46.233377571270523 ], [ 0.896829420357729, 46.232841311619602 ], [ 0.897288758653532, 46.232372378775615 ], [ 0.897582925293585, 46.231945431679733 ], [ 0.897630376310536, 46.231486900487582 ], [ 0.897429041824935, 46.230983235126224 ], [ 0.897194066013406, 46.230307795337083 ], [ 0.896893977406628, 46.229469006964671 ], [ 0.896774453782556, 46.228863260556501 ], [ 0.896621286524481, 46.227950619520392 ], [ 0.896931246273466, 46.227213190026298 ], [ 0.897289613482214, 46.226364054568499 ], [ 0.897434335139461, 46.225907321414702 ], [ 0.897877271414311, 46.225492131926792 ], [ 0.898583132875859, 46.225023246700445 ], [ 0.899488895427071, 46.224688665184189 ], [ 0.900509819230981, 46.224396738419799 ], [ 0.90141418059835, 46.224098148092281 ], [ 0.902005782989465, 46.223663166216305 ], [ 0.902548538301615, 46.223317360590784 ], [ 0.903782768853576, 46.222808642806406 ], [ 0.90468797102826, 46.222622642583254 ], [ 0.905923465821538, 46.222555316770084 ], [ 0.907011238217029, 46.222278075718336 ], [ 0.907454588250954, 46.221849346333862 ], [ 0.907764087786599, 46.22139112919335 ], [ 0.907908926491012, 46.220758730904983 ], [ 0.908777889019813, 46.219684746490181 ], [ 0.909203374503012, 46.219179114537624 ], [ 0.909793871648266, 46.218599946152068 ], [ 0.910907739150508, 46.217431359754116 ], [ 0.911630737179441, 46.21688164025386 ], [ 0.913078509177056, 46.216313690922718 ], [ 0.913965031363551, 46.215762453915637 ], [ 0.914407686858466, 46.215383230230785 ], [ 0.915046751649848, 46.214786910921816 ], [ 0.915424603847343, 46.214302903835609 ], [ 0.916309450361162, 46.213589475486202 ], [ 0.917263367299742, 46.212935857410187 ], [ 0.918757568117412, 46.212166009962637 ], [ 0.919545802544135, 46.211500333204427 ], [ 0.920020435987068, 46.210891971168998 ], [ 0.920114506485257, 46.210191071601933 ], [ 0.920473655523526, 46.209616627346698 ], [ 0.921878639373092, 46.208219057159603 ], [ 0.922027136597074, 46.207519151077726 ], [ 0.92274890190308, 46.20672162384222 ], [ 0.923763170526113, 46.205497052583162 ], [ 0.924499479952579, 46.204519621785515 ], [ 0.924591728479808, 46.203453864445706 ], [ 0.924159751186165, 46.20280191038637 ], [ 0.923479211965308, 46.202136407068785 ], [ 0.922849113092492, 46.201543884482028 ], [ 0.922087308840486, 46.200764288050792 ], [ 0.921851648977418, 46.19993124899792 ], [ 0.921945985094631, 46.199153785313968 ], [ 0.922006342819782, 46.198177525493342 ], [ 0.922065776851789, 46.1972598004307 ], [ 0.922123704679147, 46.196792445552376 ], [ 0.922178016465448, 46.196180897265094 ], [ 0.92226685145732, 46.194966446873565 ], [ 0.922360695847977, 46.194098894255518 ], [ 0.922485885150329, 46.193191378604233 ], [ 0.922513685560712, 46.192286586993923 ], [ 0.922459417107459, 46.191425335217872 ], [ 0.922355760060779, 46.190635244300317 ], [ 0.921739456572098, 46.189511494826554 ], [ 0.921288936824981, 46.188633988415383 ], [ 0.920888840104008, 46.187829465946002 ], [ 0.920622174349308, 46.18723456611896 ], [ 0.920434314924879, 46.186271780727374 ], [ 0.920280942590309, 46.185323137828959 ], [ 0.920211940700042, 46.184646277540978 ], [ 0.92012439287569, 46.183842966182574 ], [ 0.919955736667221, 46.183263369577922 ], [ 0.919656664701363, 46.182771465288525 ], [ 0.91933945477915, 46.182279228045573 ], [ 0.919007181917619, 46.181705642217494 ], [ 0.91887196708309, 46.181099631967811 ], [ 0.918519521677075, 46.179998708369055 ], [ 0.918119870308198, 46.179185173920189 ], [ 0.918000193317035, 46.178511887014643 ], [ 0.917893336177174, 46.177091172338436 ], [ 0.918155819303894, 46.176974373380382 ], [ 0.918614278036031, 46.176374732448757 ], [ 0.918841692121977, 46.175883458545584 ], [ 0.91902023352761, 46.175449841155505 ], [ 0.919147102793044, 46.174600910320521 ], [ 0.918993915374759, 46.17375135504183 ], [ 0.91885910963577, 46.173442614929279 ], [ 0.918392548834012, 46.172411663253513 ], [ 0.918127608792776, 46.171978930363174 ], [ 0.918122139145689, 46.171303231338541 ], [ 0.918300030074011, 46.170784027340268 ], [ 0.918742233786093, 46.170269664649126 ], [ 0.91928387321025, 46.170004840752348 ], [ 0.919874509938943, 46.169610295633397 ], [ 0.920168846949176, 46.169165284577566 ], [ 0.920161877021402, 46.167913047777219 ], [ 0.919959653692552, 46.167296803257919 ], [ 0.919429411449857, 46.166715088161823 ], [ 0.918933366373624, 46.166291636463676 ], [ 0.918221653161865, 46.165846215126138 ], [ 0.917724671432652, 46.165413732661186 ], [ 0.917330502628019, 46.16483450067873 ], [ 0.917161035636766, 46.164380994552815 ], [ 0.917271347883886, 46.163797497320935 ], [ 0.917794366882328, 46.163338668311873 ], [ 0.91868175221172, 46.162877504581132 ], [ 0.919437736474431, 46.162359880016112 ], [ 0.919284066568928, 46.161523827008146 ], [ 0.91821196053256, 46.160328644120391 ], [ 0.917917883588311, 46.159674679557043 ], [ 0.917753055212051, 46.158928499191354 ], [ 0.917634821745966, 46.158286764496957 ], [ 0.917615067134295, 46.157714394764959 ], [ 0.9176766068781, 46.157220083115213 ], [ 0.917819084774056, 46.156164255326757 ], [ 0.918375717774159, 46.155534889070253 ], [ 0.918537869921589, 46.155087460660475 ], [ 0.91849807386533, 46.153915692302462 ], [ 0.918112760924669, 46.153070887634421 ], [ 0.91736974263621, 46.152498771573732 ], [ 0.917171443119636, 46.152396047720849 ], [ 0.916593809303184, 46.152281862672709 ], [ 0.91583469432277, 46.15199769691926 ], [ 0.915190935466835, 46.151679611206553 ], [ 0.914662189786374, 46.151336609219086 ], [ 0.914146065279325, 46.150525419949624 ], [ 0.914273025904889, 46.149640462438612 ], [ 0.913284901941989, 46.149653841664467 ], [ 0.911935005097611, 46.149705602428384 ], [ 0.911276958480122, 46.149661975480655 ], [ 0.910714582296487, 46.149318335831147 ], [ 0.910169031370268, 46.148907442665305 ], [ 0.908586700041848, 46.148563037406561 ], [ 0.907793786683171, 46.14845385038565 ], [ 0.906575975951909, 46.148305299243319 ], [ 0.906079602207082, 46.147931324169718 ], [ 0.905779988228043, 46.147461886444482 ], [ 0.904985148224629, 46.146622992762197 ], [ 0.904553267514031, 46.146088055362526 ], [ 0.904995124547038, 46.145479155805916 ], [ 0.905112334464294, 46.144819226876237 ], [ 0.904946539350757, 46.14373069982355 ], [ 0.904916666660733, 46.143257226622424 ], [ 0.90502800541835, 46.142615205533126 ], [ 0.905091280235654, 46.142111922415033 ], [ 0.90530199750629, 46.141548302552884 ], [ 0.905382631592469, 46.141099387734862 ], [ 0.905360012629463, 46.140198166446694 ], [ 0.905159377944384, 46.139717039478334 ], [ 0.904893656664239, 46.13924371937474 ], [ 0.904427420563292, 46.138388360742191 ], [ 0.904195287658021, 46.137884130380577 ], [ 0.903929411658536, 46.137415308819882 ], [ 0.903482085850488, 46.13694764079743 ], [ 0.903068090161443, 46.13648959437937 ], [ 0.902558545079547, 46.136056805676532 ], [ 0.901924956885479, 46.135581186521037 ], [ 0.901231891739507, 46.135000871704612 ], [ 0.900883965150648, 46.134544037761188 ], [ 0.900583952161556, 46.134088088489356 ], [ 0.900282519672629, 46.133195221144469 ], [ 0.900268044653311, 46.132591413414417 ], [ 0.900230443178441, 46.13205023442638 ], [ 0.900107879933157, 46.131223730235341 ], [ 0.89992601851806, 46.130355592788653 ], [ 0.899744026891356, 46.129897319402268 ], [ 0.899323369877223, 46.129276989190679 ], [ 0.898876504151688, 46.128935422304785 ], [ 0.898380879345134, 46.128615471217735 ], [ 0.897012826864604, 46.128274858201735 ], [ 0.895728946361243, 46.128070909554225 ], [ 0.894409256921521, 46.127821241739028 ], [ 0.892712493779548, 46.127506007945961 ], [ 0.891411466881749, 46.127378260379878 ], [ 0.890224910350693, 46.127036430681159 ], [ 0.889135901783373, 46.126651361448374 ], [ 0.888457498407938, 46.126066732321306 ], [ 0.888328620770335, 46.125510337189752 ], [ 0.88865350585073, 46.124507472149759 ], [ 0.88905710963207, 46.124118620799045 ], [ 0.889102731927772, 46.123606007400085 ], [ 0.888622942773539, 46.123079119789516 ], [ 0.887862605163463, 46.122470441987396 ], [ 0.886922520579089, 46.121853909228847 ], [ 0.886161829485977, 46.121524464147392 ], [ 0.885320796291676, 46.121229549716276 ], [ 0.88456183259159, 46.120990206888401 ], [ 0.883047164747751, 46.120696232866663 ], [ 0.882156418819916, 46.12054900141986 ], [ 0.881332440518296, 46.120182309920274 ], [ 0.88067178383582, 46.1196790353818 ], [ 0.880088398673855, 46.119087118468236 ], [ 0.879111732365516, 46.118348225287448 ], [ 0.878206474072692, 46.117840365369894 ], [ 0.877533235652824, 46.117462950205713 ], [ 0.876742672043074, 46.117272507395427 ], [ 0.875293841180244, 46.11715531743652 ], [ 0.87455282489796, 46.117190990200129 ], [ 0.873812927739032, 46.11723118318163 ], [ 0.872773690599164, 46.116806346575558 ], [ 0.871669576282409, 46.116384787845689 ], [ 0.870895292811618, 46.116343243501142 ], [ 0.870120312072431, 46.116319697094163 ], [ 0.86903468264629, 46.116290314160551 ], [ 0.868276098317462, 46.115911240340296 ], [ 0.867220170356963, 46.115350915596792 ], [ 0.866331442403686, 46.115388263015561 ], [ 0.865427386313623, 46.115686552368004 ], [ 0.864788457710273, 46.115895236198064 ], [ 0.863729966623648, 46.116267176859118 ], [ 0.862137838707111, 46.116039022929577 ], [ 0.860458209678727, 46.115696594822523 ], [ 0.859403661094307, 46.115401963546248 ], [ 0.858528138470761, 46.11503413013353 ], [ 0.857576372911326, 46.114628817951221 ], [ 0.856691217647337, 46.113877939425983 ], [ 0.856428495579128, 46.112976661986039 ], [ 0.855525772601002, 46.112477671571767 ], [ 0.854986964762466, 46.111814395441293 ], [ 0.85459516409316, 46.11143314979978 ], [ 0.853803033516531, 46.111021813208708 ], [ 0.852433710625586, 46.110234718543836 ], [ 0.851821306883667, 46.10953400076383 ], [ 0.851802783966308, 46.108948115808921 ], [ 0.85211234931972, 46.108517075807406 ], [ 0.85261983577491, 46.107860070293242 ], [ 0.852731600178853, 46.107254130039998 ], [ 0.852812302811385, 46.106647602057365 ], [ 0.852463530762837, 46.106028444177277 ], [ 0.852032771294651, 46.105452774495973 ], [ 0.851158138703316, 46.104769609090376 ], [ 0.850580127712198, 46.104416350905545 ], [ 0.849687760406679, 46.103624738828977 ], [ 0.849701553157716, 46.103007936379313 ], [ 0.848613598141137, 46.102581946614826 ], [ 0.847904752978476, 46.102230697796152 ], [ 0.846866705965275, 46.101787620668311 ], [ 0.846058654647026, 46.101456998223597 ], [ 0.845053225027372, 46.100942457050429 ], [ 0.844260968800789, 46.100440964564484 ], [ 0.843220064044493, 46.099709534493265 ], [ 0.842328858791998, 46.099156601768726 ], [ 0.841239663519999, 46.098370184775355 ], [ 0.84009803961319, 46.098028667798701 ], [ 0.839537277753361, 46.097734232606584 ], [ 0.837446314239461, 46.096608906923471 ], [ 0.836803218935075, 46.095808425193162 ], [ 0.836271807373735, 46.094802878798241 ], [ 0.836039545121839, 46.094289481969504 ], [ 0.836256245210203, 46.093784646824517 ], [ 0.83718555025611, 46.092906040901028 ], [ 0.83687195379303, 46.092715393261123 ], [ 0.836145860822017, 46.091985390516243 ], [ 0.835715257429297, 46.09144568926974 ], [ 0.835323986328056, 46.090992315286456 ], [ 0.834130969983421, 46.09018582738782 ], [ 0.83335497667775, 46.089869234003423 ], [ 0.832943341106762, 46.089604636367014 ], [ 0.83241557941731, 46.089297281363365 ], [ 0.831871538341115, 46.088976100259131 ], [ 0.830864651799222, 46.088245199271903 ], [ 0.830290500799817, 46.087801822512091 ], [ 0.829836363974015, 46.087401275711976 ], [ 0.829380455228005, 46.087045734564072 ], [ 0.828489994838064, 46.086875553430147 ], [ 0.827305808846476, 46.086897923318347 ], [ 0.826320330620942, 46.087198841599644 ], [ 0.825696039968265, 46.087434607596329 ], [ 0.824848029804243, 46.087729139541857 ], [ 0.824026373545346, 46.087979129181392 ], [ 0.823199264212561, 46.088039833672184 ], [ 0.822375632350592, 46.087947457433174 ], [ 0.821238179315687, 46.087574295112788 ], [ 0.820183140647366, 46.08704956296198 ], [ 0.819475885324791, 46.086635101259425 ], [ 0.818567105162476, 46.086144693543083 ], [ 0.817853847258963, 46.08578415586404 ], [ 0.817135723065081, 46.085090211302102 ], [ 0.816934768662594, 46.084608902518731 ], [ 0.817029759002081, 46.083912583947715 ], [ 0.817028265762794, 46.083200896267869 ], [ 0.816826118965126, 46.082228609508363 ], [ 0.816280918561185, 46.081745177963221 ], [ 0.815573932866406, 46.081749583266294 ], [ 0.814505557191799, 46.082084835590109 ], [ 0.813569510193583, 46.082152378008381 ], [ 0.812711640269178, 46.081784514866655 ], [ 0.812002726618876, 46.081122242284728 ], [ 0.811622252037112, 46.080664485266389 ], [ 0.810961507605499, 46.079931067958391 ], [ 0.810893289324296, 46.079596442127503 ], [ 0.810381117692975, 46.079163164057242 ], [ 0.809590426528682, 46.078670455537136 ], [ 0.809159934673253, 46.078072093956997 ], [ 0.809469548773986, 46.077546579658204 ], [ 0.809993289014125, 46.077007182158162 ], [ 0.810236708249736, 46.076453362879718 ], [ 0.810430643004371, 46.075776975034351 ], [ 0.810558214229502, 46.075076785062713 ], [ 0.810752395481292, 46.074458955925707 ], [ 0.810758515917641, 46.073558237599762 ], [ 0.810708544340856, 46.0730257795447 ], [ 0.810694107139995, 46.072543553340878 ], [ 0.81044471346888, 46.07194869125842 ], [ 0.810051995791545, 46.071540236995808 ], [ 0.809393010121968, 46.071090605366884 ], [ 0.80871262493977, 46.070658572996408 ], [ 0.80747726245152, 46.070220313447422 ], [ 0.805898415797185, 46.069892504705585 ], [ 0.804139818339216, 46.069723344583039 ], [ 0.803039412531099, 46.069666000814628 ], [ 0.801970931739995, 46.069748895148805 ], [ 0.800592653777407, 46.070037469626286 ], [ 0.799623900599882, 46.070279922968851 ], [ 0.798525246153191, 46.070695510762476 ], [ 0.797115257035729, 46.071289714178377 ], [ 0.795850606383316, 46.071454321331721 ], [ 0.794502283203381, 46.071446127606109 ], [ 0.793336257166713, 46.071378405750629 ], [ 0.792415151171736, 46.071238867586274 ], [ 0.790853416727407, 46.071194946881931 ], [ 0.788964846218617, 46.071360836106301 ], [ 0.787964304670354, 46.071683647574716 ], [ 0.787260449375756, 46.07222393722526 ], [ 0.787029931726598, 46.072773458935352 ], [ 0.786602208037829, 46.073238056105041 ], [ 0.785972622300362, 46.073572593465485 ], [ 0.785446472329406, 46.073877617480271 ], [ 0.784658931218898, 46.07475857905051 ], [ 0.784661750770433, 46.075330670518241 ], [ 0.784417920158603, 46.075920465617187 ], [ 0.783845425084865, 46.076571402835825 ], [ 0.783355061047784, 46.077111336781485 ], [ 0.782552471064831, 46.077721737508362 ], [ 0.781765919201783, 46.078030663267462 ], [ 0.780484517128334, 46.07831638963831 ], [ 0.779514661208197, 46.078355963783366 ], [ 0.778544686835562, 46.078206349567992 ], [ 0.777179857364872, 46.078057998625475 ], [ 0.776258808035654, 46.07781923862408 ], [ 0.775189770276042, 46.077591081228661 ], [ 0.773876073214856, 46.077650888001727 ], [ 0.772890650919857, 46.07794684169199 ], [ 0.771888690012391, 46.078075805161511 ], [ 0.771182250001776, 46.077971841867203 ], [ 0.769684151735063, 46.077663132958726 ], [ 0.768649952786084, 46.077597751307103 ], [ 0.767695425868292, 46.077610500379613 ], [ 0.767039218983611, 46.07786333543617 ], [ 0.766467141682794, 46.078275472205611 ], [ 0.765646617109634, 46.078907925466076 ], [ 0.764516788149248, 46.079633371744222 ], [ 0.764054734531776, 46.079853982210267 ], [ 0.763464516319221, 46.080297276879868 ], [ 0.762263447505095, 46.080323137163738 ], [ 0.760915452769483, 46.080269512334958 ], [ 0.759945154762768, 46.080223330447957 ], [ 0.75793783888141, 46.080053050487003 ], [ 0.756754146242358, 46.080097212905812 ], [ 0.755753985498845, 46.080370207617378 ], [ 0.755345669100794, 46.079686488297398 ], [ 0.754177972825815, 46.079244478892164 ], [ 0.753535093506955, 46.079011039821395 ], [ 0.752778774958424, 46.078829401031761 ], [ 0.752136835921041, 46.078636510926849 ], [ 0.751560305530409, 46.078395366582235 ], [ 0.750968999834428, 46.078167439089675 ], [ 0.750059741319858, 46.078307057406469 ], [ 0.748537956783633, 46.078547119637228 ], [ 0.747602075575834, 46.078641147261536 ], [ 0.746730118100293, 46.078596804225896 ], [ 0.745880146459078, 46.078395241362806 ], [ 0.744791637117539, 46.078044792597332 ], [ 0.744230112399303, 46.077691301361888 ], [ 0.743717745909176, 46.077212664922634 ], [ 0.742910322414626, 46.076385829067917 ], [ 0.742480384976518, 46.075917835338338 ], [ 0.742149859412418, 46.075424792977081 ], [ 0.741360013615113, 46.075021698539842 ], [ 0.740405204820361, 46.074381088840902 ], [ 0.739728275679988, 46.07397122330697 ], [ 0.739201741403981, 46.07364993300483 ], [ 0.738098994028774, 46.07298833679166 ], [ 0.737291300672193, 46.07251729226217 ], [ 0.736830574979657, 46.072138747299483 ], [ 0.736170893007132, 46.0716571347252 ], [ 0.734788521456288, 46.070935871432404 ], [ 0.733948711080551, 46.070617306861003 ], [ 0.733027636045539, 46.070229546960576 ], [ 0.731711035836173, 46.069829365262791 ], [ 0.730938127470262, 46.069552654518425 ], [ 0.729738132505768, 46.069150277820491 ], [ 0.729062206346296, 46.068970085817938 ], [ 0.728060987604973, 46.068675270174843 ], [ 0.727123281578919, 46.068534865157901 ], [ 0.726103716415836, 46.068464880178809 ], [ 0.725069019551723, 46.068354043565698 ], [ 0.723720783531851, 46.068345008622465 ], [ 0.722555271444709, 46.068299088168949 ], [ 0.721634050182103, 46.068104916472407 ], [ 0.720926794779003, 46.067838463568201 ], [ 0.720333717473938, 46.06756529260926 ], [ 0.71974123482464, 46.067215556766548 ], [ 0.719077981463211, 46.066918446308591 ], [ 0.718271743045852, 46.066636472450313 ], [ 0.717521398242344, 46.066535791007837 ], [ 0.716488138604049, 46.066609581743585 ], [ 0.714856512772386, 46.066693829512225 ], [ 0.713824493444978, 46.0665198823908 ], [ 0.713448951017743, 46.066151963987949 ], [ 0.71294082137701, 46.065704796625745 ], [ 0.712532492677787, 46.065192074770913 ], [ 0.712123271874878, 46.064638794193286 ], [ 0.711666308818752, 46.064237696298946 ], [ 0.711274009053123, 46.063527101687264 ], [ 0.709750536990407, 46.062726100600202 ], [ 0.708570346743916, 46.062445511183867 ], [ 0.706864197256612, 46.062271387759864 ], [ 0.706045291971512, 46.061799885295144 ], [ 0.705474460732617, 46.061090161356994 ], [ 0.704790898578919, 46.060477248360797 ], [ 0.703337399896842, 46.060204583728897 ], [ 0.702489444682323, 46.060119840925701 ], [ 0.701768718785813, 46.06008721840989 ], [ 0.701013648364315, 46.060040381904649 ], [ 0.700341858029847, 46.059797037305842 ], [ 0.699983225190297, 46.059244735461562 ], [ 0.699427345250535, 46.058674917502955 ], [ 0.698921016266143, 46.05828177243702 ], [ 0.697691199050639, 46.057891954766404 ], [ 0.696948634812971, 46.057732735198329 ], [ 0.69611107087333, 46.05764815478652 ], [ 0.695163980200813, 46.05776854301223 ], [ 0.692274269140073, 46.05795750856948 ], [ 0.691257847464153, 46.057941322024938 ], [ 0.690487424517653, 46.057767979409157 ], [ 0.689473499440552, 46.05692302128935 ], [ 0.68858755786941, 46.056666232427645 ], [ 0.68744433462284, 46.056588869240038 ], [ 0.68630391227845, 46.056660196413311 ], [ 0.685360073405238, 46.056672463878655 ], [ 0.68278455529093, 46.05637662163911 ], [ 0.682483671258998, 46.056055164635019 ], [ 0.681342280008411, 46.055045366924993 ], [ 0.680226471660253, 46.05477930598061 ], [ 0.678881995638793, 46.054535579274223 ], [ 0.678210256431331, 46.054386693656184 ], [ 0.677194861813695, 46.054041579230784 ], [ 0.676687753031288, 46.053396068111915 ], [ 0.676379247571832, 46.052858226202225 ], [ 0.675714178602614, 46.052123889131387 ], [ 0.674737273819082, 46.051910168385334 ], [ 0.67331393849313, 46.051880968031938 ], [ 0.672280828834223, 46.0518642665347 ], [ 0.670919357916037, 46.051840810604915 ], [ 0.669920831566927, 46.052198664541308 ], [ 0.669003459784511, 46.052625744738101 ], [ 0.667974584392249, 46.052874852058373 ], [ 0.666944380830858, 46.052880684178206 ], [ 0.665567927106572, 46.052600104043066 ], [ 0.664666844858847, 46.052338308398944 ], [ 0.663616250793756, 46.05227612368558 ], [ 0.662664779621273, 46.052499751685147 ], [ 0.662088159519997, 46.052762633093067 ], [ 0.661201984083147, 46.053275879076402 ], [ 0.660646894276874, 46.053701357116168 ], [ 0.660256844258839, 46.054170778398039 ], [ 0.659996499330534, 46.054723955206271 ], [ 0.659747547331901, 46.055191782446606 ], [ 0.659434757029571, 46.055851982060119 ], [ 0.658969672288268, 46.056927949030126 ], [ 0.658769875450124, 46.057486878011986 ], [ 0.658848958207285, 46.058060573970224 ], [ 0.659109046718923, 46.058759626449437 ], [ 0.659303153181974, 46.059488847189861 ], [ 0.659514606278821, 46.059993203902309 ], [ 0.659741624526056, 46.060587970005699 ], [ 0.65936060259077, 46.06151252324198 ], [ 0.659078379974988, 46.061970654032962 ], [ 0.658847872908547, 46.062429851912363 ], [ 0.658467613164743, 46.062849921841021 ], [ 0.6578919089146, 46.063270458589301 ], [ 0.657202192355929, 46.06335981341654 ], [ 0.656460994544501, 46.063988632607668 ], [ 0.65645673084221, 46.065150689154635 ], [ 0.656337362093308, 46.065977038629448 ], [ 0.656186683368732, 46.066627067906012 ], [ 0.656034595303203, 46.067461749823586 ], [ 0.655721228245697, 46.067950760719526 ], [ 0.655145168000223, 46.068317224365863 ], [ 0.6542737669812, 46.068416319464589 ], [ 0.653470147596004, 46.06841320825189 ], [ 0.652622719601185, 46.068314591305572 ], [ 0.651738444491068, 46.068048540586581 ], [ 0.651089880555648, 46.067688267261353 ], [ 0.650401268910508, 46.067417249270349 ], [ 0.649307014385213, 46.067340519759711 ], [ 0.648338222115801, 46.067356470326018 ], [ 0.64789407592924, 46.067482393028818 ], [ 0.647314890231159, 46.067709115076561 ], [ 0.64650194033337, 46.068075125860105 ], [ 0.645514007862393, 46.068658216666236 ], [ 0.644560714236739, 46.068976255798937 ], [ 0.643254571823394, 46.068980652186703 ], [ 0.642260389426789, 46.068923952500931 ], [ 0.641498144128817, 46.06892161675254 ] ] ] ] } }
]
}
